Workbook

Sheet Resumo
B2: Paraíba 7ª TRANCHE - LPT Rural - Lote 1 - Erro 9,00%
B3: Lote | D3: ODI | E3: Municípios | F3: UC | G3: Trafos | H3: Postes | I3: km AT | J3: km BT | K3: Dias | L3: Equipe | M3: Custo Estimado (R$)
B4: Extrato | C4: 5 | D4: {=ROWS(_xlfn.UNIQUE(_xlfn._xlws.FILTER('Amostra 1_5_extrato_erro_9%'!$A$2:$A$108,'Amostra 1_5_extrato_erro_9%'!$V$2:$V$108="Selecionado")))} -> 15 | E4: {=ROWS(_xlfn.UNIQUE(_xlfn._xlws.FILTER('Amostra 1_5_extrato_erro_9%'!$C$2:$C$108,'Amostra 1_5_extrato_erro_9%'!$V$2:$V$108="Selecionado")))} -> 14 | F4: =SUMIFS('Amostra 1_5_extrato_erro_9%'!$G$2:$G$108,'Amostra 1_5_extrato_erro_9%'!$V$2:$V$108,"Selecionado") -> 21 | G4: =SUMIFS('Amostra 1_5_extrato_erro_9%'!$O$2:$O$108,'Amostra 1_5_extrato_erro_9%'!$V$2:$V$108,"Selecionado") -> 8 | H4: =SUMIFS('Amostra 1_5_extrato_erro_9%'!$K$2:$K$108,'Amostra 1_5_extrato_erro_9%'!$V$2:$V$108,"Selecionado") -> 116 | I4: =SUMIFS('Amostra 1_5_extrato_erro_9%'!$L$2:$L$108,'Amostra 1_5_extrato_erro_9%'!$V$2:$V$108,"Selecionado") -> 3.7 | J4: =SUMIFS('Amostra 1_5_extrato_erro_9%'!$M$2:$M$108,'Amostra 1_5_extrato_erro_9%'!$V$2:$V$108,"Selecionado") -> 1.64 | K4: 7 | L4: 2 | M4: 89760
C5: 4 | D5: {=ROWS(_xlfn.UNIQUE(_xlfn._xlws.FILTER('Amostra 1_4_extrato_erro_9%'!$A$2:$A$108,'Amostra 1_4_extrato_erro_9%'!$V$2:$V$108="Selecionado")))} -> 19 | E5: {=ROWS(_xlfn.UNIQUE(_xlfn._xlws.FILTER('Amostra 1_4_extrato_erro_9%'!$C$2:$C$108,'Amostra 1_4_extrato_erro_9%'!$V$2:$V$108="Selecionado")))} -> 18 | F5: =SUMIFS('Amostra 1_4_extrato_erro_9%'!$G$2:$G$108,'Amostra 1_4_extrato_erro_9%'!$V$2:$V$108,"Selecionado") -> 19 | G5: =SUMIFS('Amostra 1_4_extrato_erro_9%'!$O$2:$O$108,'Amostra 1_4_extrato_erro_9%'!$V$2:$V$108,"Selecionado") -> 7 | H5: =SUMIFS('Amostra 1_4_extrato_erro_9%'!$K$2:$K$108,'Amostra 1_4_extrato_erro_9%'!$V$2:$V$108,"Selecionado") -> 132 | I5: =SUMIFS('Amostra 1_4_extrato_erro_9%'!$L$2:$L$108,'Amostra 1_4_extrato_erro_9%'!$V$2:$V$108,"Selecionado") -> 4.45 | J5: =SUMIFS('Amostra 1_4_extrato_erro_9%'!$M$2:$M$108,'Amostra 1_4_extrato_erro_9%'!$V$2:$V$108,"Selecionado") -> 2.32 | K5: 5 | L5: 2 | M5: 70560
C6: 3 | D6: {=ROWS(_xlfn.UNIQUE(_xlfn._xlws.FILTER('Amostra 1_3_extrato_erro_9%'!$A$2:$A$108,'Amostra 1_3_extrato_erro_9%'!$V$2:$V$108="Selecionado")))} -> 26 | E6: {=ROWS(_xlfn.UNIQUE(_xlfn._xlws.FILTER('Amostra 1_3_extrato_erro_9%'!$C$2:$C$108,'Amostra 1_3_extrato_erro_9%'!$V$2:$V$108="Selecionado")))} -> 25 | F6: =SUMIFS('Amostra 1_3_extrato_erro_9%'!$G$2:$G$108,'Amostra 1_3_extrato_erro_9%'!$V$2:$V$108,"Selecionado") -> 27 | G6: =SUMIFS('Amostra 1_3_extrato_erro_9%'!$O$2:$O$108,'Amostra 1_3_extrato_erro_9%'!$V$2:$V$108,"Selecionado") -> 11 | H6: =SUMIFS('Amostra 1_3_extrato_erro_9%'!$K$2:$K$108,'Amostra 1_3_extrato_erro_9%'!$V$2:$V$108,"Selecionado") -> 185 | I6: =SUMIFS('Amostra 1_3_extrato_erro_9%'!$L$2:$L$108,'Amostra 1_3_extrato_erro_9%'!$V$2:$V$108,"Selecionado") -> 3.86 | J6: =SUMIFS('Amostra 1_3_extrato_erro_9%'!$M$2:$M$108,'Amostra 1_3_extrato_erro_9%'!$V$2:$V$108,"Selecionado") -> 2.95 | K6: 8 | L6: 2 | M6: 99360

Sheet Amostra 1_3_extrato_erro_9%
A1: ODI | B1: Projeto | C1: Município | D1: Data Inicio | E1: Data Fim | F1: Custo(R$) | G1: Cons. | H1: Kit | I1: Regional | J1: Grupo | K1: Poste | L1: Rede AT km | M1: Rede BT km | N1: Medidor | O1: Trafo | P1: Equip. | Q1: VR | R1: Estrato | S1: regionale | T1: NGH | U1: NPH | V1: STATUS
A2: 12500186 | B2: LPT EPB - 7ª TRANCHE META EXCEPCIONAL | C2: GURINHEM | D2: 01/08/2025 | E2: 08/08/2025 | F2: 5812.89 | G2: 1 | H2: 0 | I2: LESTE | J2: 0 | K2: 1 | L2: 0 | M2: 0.05 | N2: 1 | O2: 0 | P2: 0 | Q2: 42.75 | R2: 1 | S2: 1 | T2: 70 | U2: 12
A3: 12500231 | B3: LPT EPB - 7ª TRANCHE META EXCEPCIONAL | C3: CURRAL DE CIMA | D3: 14/08/2025 | E3: 20/08/2025 | F3: 8863.59 | G3: 1 | H3: 0 | I3: CENTRO | J3: 0 | K3: 2 | L3: 0 | M3: 0.04 | N3: 1 | O3: 0 | P3: 0 | Q3: 72.2 | R3: 1 | S3: 1 | T3: 70 | U3: 12
A4: 12500453 | B4: LPT EPB - 7ª TRANCHE META EXCEPCIONAL | C4: LUCENA | D4: 23/06/2025 | E4: 10/07/2025 | F4: 7628.76 | G4: 1 | H4: 0 | I4: LESTE | J4: 0 | K4: 2 | L4: 0 | M4: 0.06 | N4: 1 | O4: 0 | P4: 0 | Q4: 73.3 | R4: 1 | S4: 1 | T4: 70 | U4: 12
A5: 12500626 | B5: LPT EPB - 7ª TRANCHE META EXCEPCIONAL | C5: MAMANGUAPE | D5: 14/05/2025 | E5: 07/06/2025 | F5: 12357.51 | G5: 1 | H5: 0 | I5: LESTE | J5: 0 | K5: 3 | L5: 0 | M5: 0.09 | N5: 1 | O5: 0 | P5: 0 | Q5: 104.95 | R5: 1 | S5: 1 | T5: 70 | U5: 12 | V5: Selecionado
A6: 12500634 | B6: LPT EPB - 7ª TRANCHE META EXCEPCIONAL | C6: SOBRADO | D6: 11/06/2025 | E6: 07/07/2025 | F6: 7497.67 | G6: 1 | H6: 0 | I6: LESTE | J6: 0 | K6: 1 | L6: 0 | M6: 0.08 | N6: 1 | O6: 0 | P6: 0 | Q6: 44.4 | R6: 1 | S6: 1 | T6: 70 | U6: 12
A7: 22500311 | B7: LPT EPB - 7ª TRANCHE META EXCEPCIONAL | C7: CASSERENGUE | D7: 07/05/2025 | E7: 23/06/2025 | F7: 29306.9 | G7: 1 | H7: 0 | I7: CENTRO | J7: 0 | K7: 8 | L7: 0 | M7: 0.37 | N7: 1 | O7: 0 | P7: 0 | Q7: 270.35 | R7: 2 | S7: 2 | T7: 28 | U7: 8
A8: 32402500 | B8: LPT EPB - 7ª TRANCHE META EXCEPCIONAL | C8: JURU | D8: 01/08/2025 | E8: 20/08/2025 | F8: 22698.3 | G8: 1 | H8: 0 | I8: OESTE | J8: 0 | K8: 6 | L8: 0 | M8: 0.29 | N8: 1 | O8: 0 | P8: 0 | Q8: 205.95 | R8: 2 | S8: 2 | T8: 28 | U8: 8
A9: 22500857 | B9: LPT EPB - 7ª TRANCHE META EXCEPCIONAL | C9: OURO VELHO | D9: 08/08/2025 | E9: 02/09/2025 | F9: 10941.05 | G9: 1 | H9: 0 | I9: CENTRO | J9: 0 | K9: 3 | L9: 0 | M9: 0.08 | N9: 1 | O9: 0 | P9: 0 | Q9: 104.4 | R9: 1 | S9: 1 | T9: 70 | U9: 12
A10: 32500217 | B10: LPT EPB - 7ª TRANCHE META EXCEPCIONAL | C10: RIACHO DOS CAVALOS | D10: 21/05/2025 | E10: 22/05/2025 | F10: 15678.41 | G10: 1 | H10: 0 | I10: OESTE | J10: 0 | K10: 3 | L10: 0 | M10: 0.11 | N10: 1 | O10: 0 | P10: 0 | Q10: 106.05 | R10: 1 | S10: 1 | T10: 70 | U10: 12
A11: 32500220 | B11: LPT EPB - 7ª TRANCHE META EXCEPCIONAL | C11: SANTA TERESINHA | D11: 08/05/2025 | E11: 28/05/2025 | F11: 17692.65 | G11: 1 | H11: 0 | I11: OESTE | J11: 0 | K11: 4 | L11: 0 | M11: 0.15 | N11: 1 | O11: 0 | P11: 0 | Q11: 138.25 | R11: 1 | S11: 1 | T11: 70 | U11: 12 | V11: Selecionado
A12: 32500241 | B12: LPT EPB - 7ª TRANCHE META EXCEPCIONAL | C12: SANTA LUZIA | D12: 09/05/2025 | E12: 30/07/2025 | F12: 16364.82 | G12: 1 | H12: 0 | I12: OESTE | J12: 0 | K12: 4 | L12: 0 | M12: 0.13 | N12: 1 | O12: 0 | P12: 0 | Q12: 137.15 | R12: 1 | S12: 1 | T12: 70 | U12: 12
A13: 32500309 | B13: LPT EPB - 7ª TRANCHE META EXCEPCIONAL | C13: AGUA BRANCA | D13: 16/05/2025 | E13: 02/06/2025 | F13: 45318.52 | G13: 1 | H13: 0 | I13: OESTE | J13: 0 | K13: 6 | L13: 0.24 | M13: 0.04 | N13: 1 | O13: 1 | P13: 0 | Q13: 248.6 | R13: 2 | S13: 2 | T13: 28 | U13: 8 | V13: Selecionado
A14: 32500354 | B14: LPT EPB - 7ª TRANCHE META EXCEPCIONAL | C14: AGUA BRANCA | D14: 17/04/2025 | E14: 29/08/2025 | F14: 17985.69 | G14: 1 | H14: 0 | I14: OESTE | J14: 0 | K14: 3 | L14: 0 | M14: 0.12 | N14: 1 | O14: 0 | P14: 0 | Q14: 106.6 | R14: 1 | S14: 1 | T14: 70 | U14: 12
A15: 32500356 | B15: LPT EPB - 7ª TRANCHE META EXCEPCIONAL | C15: IMACULADA | D15: 09/05/2025 | E15: 15/05/2025 | F15: 7082.6 | G15: 1 | H15: 0 | I15: OESTE | J15: 0 | K15: 2 | L15: 0 | M15: 0.04 | N15: 1 | O15: 0 | P15: 0 | Q15: 72.2 | R15: 1 | S15: 1 | T15: 70 | U15: 12
A16: 32500357 | B16: LPT EPB - 7ª TRANCHE META EXCEPCIONAL | C16: POCO DE JOSE DE MOURA | D16: 21/05/2025 | E16: 22/05/2025 | F16: 14952.68 | G16: 1 | H16: 0 | I16: OESTE | J16: 0 | K16: 1 | L16: 0.02 | M16: 0.02 | N16: 1 | O16: 1 | P16: 0 | Q16: 73.3 | R16: 1 | S16: 1 | T16: 70 | U16: 12
A17: 32500400 | B17: LPT EPB - 7ª TRANCHE META EXCEPCIONAL | C17: VARZEA | D17: 08/07/2025 | E17: 17/10/2025 | F17: 41372.24 | G17: 2 | H17: 0 | I17: OESTE | J17: 0 | K17: 7 | L17: 0.14 | M17: 0.27 | N17: 2 | O17: 0 | P17: 0 | Q17: 260.25 | R17: 2 | S17: 2 | T17: 28 | U17: 8
A18: 32500448 | B18: LPT EPB - 7ª TRANCHE META EXCEPCIONAL | C18: VARZEA | D18: 09/04/2025 | E18: 15/04/2025 | F18: 11775.02 | G18: 1 | H18: 0 | I18: OESTE | J18: 0 | K18: 3 | L18: 0 | M18: 0.13 | N18: 1 | O18: 0 | P18: 0 | Q18: 107.15 | R18: 1 | S18: 1 | T18: 70 | U18: 12
A19: 32500469 | B19: LPT EPB - 7ª TRANCHE META EXCEPCIONAL | C19: CONCEICAO | D19: 10/04/2025 | E19: 19/07/2025 | F19: 8036.9 | G19: 1 | H19: 0 | I19: OESTE | J19: 0 | K19: 2 | L19: 0 | M19: 0.08 | N19: 1 | O19: 0 | P19: 0 | Q19: 74.4 | R19: 1 | S19: 1 | T19: 70 | U19: 12
A20: 32500510 | B20: LPT EPB - 7ª TRANCHE META EXCEPCIONAL | C20: CAJAZEIRAS | D20: 30/04/2025 | E20: 05/05/2025 | F20: 10732.6 | G20: 1 | H20: 0 | I20: OESTE | J20: 0 | K20: 2 | L20: 0 | M20: 0.08 | N20: 1 | O20: 0 | P20: 0 | Q20: 74.4 | R20: 1 | S20: 1 | T20: 70 | U20: 12 | V20: Selecionado
A21: 32500476 | B21: LPT EPB - 7ª TRANCHE META EXCEPCIONAL | C21: SAO MAMEDE | D21: 09/05/2025 | E21: 14/08/2025 | F21: 27593.97 | G21: 1 | H21: 0 | I21: OESTE | J21: 0 | K21: 3 | L21: 0.05 | M21: 0.05 | N21: 1 | O21: 1 | P21: 0 | Q21: 138.25 | R21: 1 | S21: 1 | T21: 70 | U21: 12
A22: 32500512 | B22: LPT EPB - 7ª TRANCHE META EXCEPCIONAL | C22: SAO JOSE DE CAIANA | D22: 07/05/2025 | E22: 01/08/2025 | F22: 15415.61 | G22: 1 | H22: 0 | I22: OESTE | J22: 0 | K22: 4 | L22: 0 | M22: 0.13 | N22: 1 | O22: 0 | P22: 0 | Q22: 137.15 | R22: 1 | S22: 1 | T22: 70 | U22: 12
A23: 32500524 | B23: LPT EPB - 7ª TRANCHE META EXCEPCIONAL | C23: SANTA INES | D23: 21/05/2025 | E23: 01/09/2025 | F23: 48419.31 | G23: 1 | H23: 0 | I23: OESTE | J23: 0 | K23: 9 | L23: 0.1 | M23: 0.26 | N23: 1 | O23: 1 | P23: 0 | Q23: 335.3 | R23: 2 | S23: 2 | T23: 28 | U23: 8 | V23: Selecionado
A24: 32500562 | B24: LPT EPB - 7ª TRANCHE META EXCEPCIONAL | C24: DESTERRO | D24: 14/05/2025 | E24: 01/07/2025 | F24: 23357.2 | G24: 1 | H24: 0 | I24: OESTE | J24: 0 | K24: 3 | L24: 0.04 | M24: 0.04 | N24: 1 | O24: 1 | P24: 0 | Q24: 136.6 | R24: 1 | S24: 1 | T24: 70 | U24: 12 | V24: Selecionado
A25: 32500579 | B25: LPT EPB - 7ª TRANCHE META EXCEPCIONAL | C25: PAULISTA | D25: 24/04/2025 | E25: 07/05/2025 | F25: 14075.53 | G25: 1 | H25: 0 | I25: OESTE | J25: 0 | K25: 3 | L25: 0 | M25: 0.18 | N25: 1 | O25: 0 | P25: 0 | Q25: 109.9 | R25: 1 | S25: 1 | T25: 70 | U25: 12
A26: 32500614 | B26: LPT EPB - 7ª TRANCHE META EXCEPCIONAL | C26: SAO JOSE DA LAGOA TAPADA | D26: 23/06/2025 | E26: 14/08/2025 | F26: 29265.94 | G26: 1 | H26: 0 | I26: OESTE | J26: 0 | K26: 6 | L26: 0 | M26: 0.31 | N26: 1 | O26: 0 | P26: 0 | Q26: 207.05 | R26: 2 | S26: 2 | T26: 28 | U26: 8 | V26: Selecionado
A27: 32500630 | B27: LPT EPB - 7ª TRANCHE META EXCEPCIONAL | C27: SAO JOSE DA LAGOA TAPADA | D27: 08/05/2025 | E27: 23/06/2025 | F27: 11894.85 | G27: 1 | H27: 0 | I27: OESTE | J27: 0 | K27: 3 | L27: 0 | M27: 0.13 | N27: 1 | O27: 0 | P27: 0 | Q27: 107.15 | R27: 1 | S27: 1 | T27: 70 | U27: 12
A28: 32500633 | B28: LPT EPB - 7ª TRANCHE META EXCEPCIONAL | C28: TRIUNFO | D28: 16/04/2025 | E28: 24/04/2025 | F28: 15723.92 | G28: 1 | H28: 0 | I28: OESTE | J28: 0 | K28: 4 | L28: 0 | M28: 0.18 | N28: 1 | O28: 0 | P28: 0 | Q28: 139.9 | R28: 1 | S28: 1 | T28: 70 | U28: 12
A29: 32500636 | B29: LPT EPB - 7ª TRANCHE META EXCEPCIONAL | C29: AGUA BRANCA | D29: 28/05/2025 | E29: 05/06/2025 | F29: 9287.75 | G29: 1 | H29: 0 | I29: OESTE | J29: 0 | K29: 2 | L29: 0 | M29: 0.09 | N29: 1 | O29: 0 | P29: 0 | Q29: 74.95 | R29: 1 | S29: 1 | T29: 70 | U29: 12
A30: 32500654 | B30: LPT EPB - 7ª TRANCHE META EXCEPCIONAL | C30: MANAIRA | D30: 30/04/2025 | E30: 14/05/2025 | F30: 42496.78 | G30: 1 | H30: 0 | I30: OESTE | J30: 0 | K30: 9 | L30: 0.48 | M30: 0.04 | N30: 1 | O30: 1 | P30: 0 | Q30: 365 | R30: 2 | S30: 2 | T30: 28 | U30: 8
A31: 32500687 | B31: LPT EPB - 7ª TRANCHE META EXCEPCIONAL | C31: MAE D'AGUA | D31: 30/04/2025 | E31: 14/05/2025 | F31: 20653.1 | G31: 1 | H31: 0 | I31: OESTE | J31: 0 | K31: 3 | L31: 0.13 | M31: 0.03 | N31: 1 | O31: 1 | P31: 0 | Q31: 145.95 | R31: 1 | S31: 1 | T31: 70 | U31: 12
A32: 32500699 | B32: LPT EPB - 7ª TRANCHE META EXCEPCIONAL | C32: AGUA BRANCA | D32: 07/05/2025 | E32: 04/07/2025 | F32: 10758.43 | G32: 1 | H32: 0 | I32: OESTE | J32: 0 | K32: 1 | L32: 0 | M32: 0.1 | N32: 1 | O32: 0 | P32: 0 | Q32: 45.5 | R32: 1 | S32: 1 | T32: 70 | U32: 12
A33: 32500704 | B33: LPT EPB - 7ª TRANCHE META EXCEPCIONAL | C33: JURU | D33: 01/08/2025 | E33: 09/10/2025 | F33: 78753.87 | G33: 1 | H33: 0 | I33: OESTE | J33: 0 | K33: 21 | L33: 1.17 | M33: 0.02 | N33: 1 | O33: 1 | P33: 0 | Q33: 799.8 | R33: 3 | S33: 3 | T33: 9 | U33: 6
A34: 32500721 | B34: LPT EPB - 7ª TRANCHE META EXCEPCIONAL | C34: SAO JOAO DO RIO DO PEIXE | D34: 30/04/2025 | E34: 14/05/2025 | F34: 7378.28 | G34: 1 | H34: 0 | I34: OESTE | J34: 0 | K34: 1 | L34: 0 | M34: 0.03 | N34: 1 | O34: 0 | P34: 0 | Q34: 41.65 | R34: 1 | S34: 1 | T34: 70 | U34: 12
A35: 32500740 | B35: LPT EPB - 7ª TRANCHE META EXCEPCIONAL | C35: APARECIDA | D35: 09/04/2025 | E35: 13/05/2025 | F35: 25445.97 | G35: 1 | H35: 0 | I35: OESTE | J35: 0 | K35: 4 | L35: 0 | M35: 0.14 | N35: 1 | O35: 0 | P35: 0 | Q35: 137.7 | R35: 1 | S35: 1 | T35: 70 | U35: 12
A36: 32500744 | B36: LPT EPB - 7ª TRANCHE META EXCEPCIONAL | C36: SAO JOSE DE CAIANA | D36: 16/04/2025 | E36: 06/06/2025 | F36: 15008.16 | G36: 1 | H36: 0 | I36: OESTE | J36: 0 | K36: 4 | L36: 0 | M36: 0.16 | N36: 1 | O36: 0 | P36: 0 | Q36: 138.8 | R36: 1 | S36: 1 | T36: 70 | U36: 12 | V36: Selecionado
A37: 32500748 | B37: LPT EPB - 7ª TRANCHE META EXCEPCIONAL | C37: MATUREIA | D37: 17/04/2025 | E37: 18/06/2025 | F37: 7354.23 | G37: 1 | H37: 0 | I37: OESTE | J37: 0 | K37: 1 | L37: 0 | M37: 0.04 | N37: 1 | O37: 0 | P37: 0 | Q37: 42.2 | R37: 1 | S37: 1 | T37: 70 | U37: 12 | V37: Selecionado
A38: 32500755 | B38: LPT EPB - 7ª TRANCHE META EXCEPCIONAL | C38: BERNARDINO BATISTA | D38: 15/05/2025 | E38: 05/06/2025 | F38: 34501.56 | G38: 1 | H38: 0 | I38: OESTE | J38: 0 | K38: 8 | L38: 0.29 | M38: 0.08 | N38: 1 | O38: 0 | P38: 0 | Q38: 286.3 | R38: 2 | S38: 2 | T38: 28 | U38: 8 | V38: Selecionado
A39: 32500761 | B39: LPT EPB - 7ª TRANCHE META EXCEPCIONAL | C39: TEIXEIRA | D39: 13/06/2025 | E39: 04/07/2025 | F39: 18034.8 | G39: 1 | H39: 0 | I39: OESTE | J39: 0 | K39: 3 | L39: 0.04 | M39: 0.03 | N39: 1 | O39: 1 | P39: 0 | Q39: 136.05 | R39: 1 | S39: 1 | T39: 70 | U39: 12
A40: 32500765 | B40: LPT EPB - 7ª TRANCHE META EXCEPCIONAL | C40: MANAIRA | D40: 17/07/2025 | E40: 04/08/2025 | F40: 21648.15 | G40: 1 | H40: 0 | I40: OESTE | J40: 0 | K40: 2 | L40: 0.04 | M40: 0.04 | N40: 1 | O40: 1 | P40: 0 | Q40: 106.6 | R40: 1 | S40: 1 | T40: 70 | U40: 12
A41: 32501989 | B41: LPT EPB - 7ª TRANCHE META EXCEPCIONAL | C41: VARZEA | D41: 28/08/2025 | E41: 23/09/2025 | F41: 18640.32 | G41: 1 | H41: 0 | I41: OESTE | J41: 0 | K41: 4 | L41: 0 | M41: 0.13 | N41: 1 | O41: 0 | P41: 0 | Q41: 137.15 | R41: 1 | S41: 1 | T41: 70 | U41: 12
A42: 22500262 | B42: LPT EPB - 7ª TRANCHE META EXCEPCIONAL | C42: SOLEDADE | D42: 14/07/2025 | E42: 20/08/2025 | F42: 35779.87 | G42: 1 | H42: 0 | I42: CENTRO | J42: 0 | K42: 9 | L42: 0 | M42: 0.35 | N42: 1 | O42: 0 | P42: 0 | Q42: 299.25 | R42: 2 | S42: 2 | T42: 28 | U42: 8 | V42: Selecionado
A43: 22500328 | B43: LPT EPB - 7ª TRANCHE META EXCEPCIONAL | C43: SAO SEBASTIAO DO UMBUZEIRO | D43: 29/04/2025 | E43: 25/07/2025 | F43: 27461.25 | G43: 1 | H43: 0 | I43: CENTRO | J43: 0 | K43: 3 | L43: 0.05 | M43: 0.05 | N43: 1 | O43: 1 | P43: 0 | Q43: 138.25 | R43: 1 | S43: 1 | T43: 70 | U43: 12
A44: 22500330 | B44: LPT EPB - 7ª TRANCHE META EXCEPCIONAL | C44: BOQUEIRAO | D44: 08/08/2025 | E44: 13/08/2025 | F44: 20597.34 | G44: 1 | H44: 0 | I44: CENTRO | J44: 0 | K44: 6 | L44: 0 | M44: 0.2 | N44: 1 | O44: 0 | P44: 0 | Q44: 201 | R44: 2 | S44: 2 | T44: 28 | U44: 8 | V44: Selecionado
A45: 22500583 | B45: LPT EPB - 7ª TRANCHE META EXCEPCIONAL | C45: SERIDO | D45: 29/04/2025 | E45: 09/09/2025 | F45: 13988.21 | G45: 1 | H45: 0 | I45: CENTRO | J45: 0 | K45: 4 | L45: 0 | M45: 0.15 | N45: 1 | O45: 0 | P45: 0 | Q45: 138.25 | R45: 1 | S45: 1 | T45: 70 | U45: 12
A46: 22500662 | B46: LPT EPB - 7ª TRANCHE META EXCEPCIONAL | C46: AROEIRAS | D46: 13/08/2025 | E46: 28/10/2025 | F46: 10733.31 | G46: 1 | H46: 0 | I46: CENTRO | J46: 0 | K46: 2 | L46: 0 | M46: 0.04 | N46: 1 | O46: 0 | P46: 0 | Q46: 72.2 | R46: 1 | S46: 1 | T46: 70 | U46: 12 | V46: Selecionado
A47: 22500686 | B47: LPT EPB - 7ª TRANCHE META EXCEPCIONAL | C47: CUITE | D47: 07/05/2025 | E47: 11/08/2025 | F47: 7289.74 | G47: 1 | H47: 0 | I47: CENTRO | J47: 0 | K47: 2 | L47: 0 | M47: 0.06 | N47: 1 | O47: 0 | P47: 0 | Q47: 73.3 | R47: 1 | S47: 1 | T47: 70 | U47: 12
A48: 22500720 | B48: LPT EPB - 7ª TRANCHE META EXCEPCIONAL | C48: TENORIO | D48: 12/08/2025 | E48: 25/09/2025 | F48: 25737.13 | G48: 1 | H48: 0 | I48: CENTRO | J48: 0 | K48: 3 | L48: 0.03 | M48: 0.07 | N48: 1 | O48: 1 | P48: 0 | Q48: 137.15 | R48: 1 | S48: 1 | T48: 70 | U48: 12
A49: 22500802 | B49: LPT EPB - 7ª TRANCHE META EXCEPCIONAL | C49: JUNCO DO SERIDO | D49: 07/05/2025 | E49: 28/10/2025 | F49: 19623.55 | G49: 1 | H49: 0 | I49: CENTRO | J49: 0 | K49: 5 | L49: 0 | M49: 0.24 | N49: 1 | O49: 0 | P49: 0 | Q49: 173.2 | R49: 1 | S49: 1 | T49: 70 | U49: 12
A50: 22500844 | B50: LPT EPB - 7ª TRANCHE META EXCEPCIONAL | C50: MONTEIRO | D50: 18/06/2025 | E50: 13/08/2025 | F50: 25026.66 | G50: 1 | H50: 0 | I50: CENTRO | J50: 0 | K50: 4 | L50: 0.13 | M50: 0.04 | N50: 1 | O50: 1 | P50: 0 | Q50: 176.5 | R50: 1 | S50: 1 | T50: 70 | U50: 12
A51: 22500869 | B51: LPT EPB - 7ª TRANCHE META EXCEPCIONAL | C51: BARRA DE SANTA ROSA | D51: 14/08/2025 | E51: 15/10/2025 | F51: 22700.06 | G51: 1 | H51: 0 | I51: CENTRO | J51: 0 | K51: 7 | L51: 0 | M51: 0.31 | N51: 1 | O51: 0 | P51: 0 | Q51: 237.05 | R51: 2 | S51: 2 | T51: 28 | U51: 8 | V51: Selecionado
A52: 22500876 | B52: LPT EPB - 7ª TRANCHE META EXCEPCIONAL | C52: TAPEROA | D52: 07/05/2025 | E52: 17/09/2025 | F52: 17715.38 | G52: 1 | H52: 0 | I52: CENTRO | J52: 0 | K52: 5 | L52: 0 | M52: 0.19 | N52: 1 | O52: 0 | P52: 0 | Q52: 170.45 | R52: 1 | S52: 1 | T52: 70 | U52: 12
A53: 32500296 | B53: LPT EPB - 7ª TRANCHE META EXCEPCIONAL | C53: MANAIRA | D53: 20/08/2025 | E53: 15/10/2025 | F53: 77834.11 | G53: 1 | H53: 0 | I53: OESTE | J53: 0 | K53: 20 | L53: 1.02 | M53: 0.04 | N53: 1 | O53: 1 | P53: 0 | Q53: 754.4 | R53: 3 | S53: 3 | T53: 9 | U53: 6
A54: 32500383 | B54: LPT EPB - 7ª TRANCHE META EXCEPCIONAL | C54: TAVARES | D54: 13/08/2025 | E54: 26/09/2025 | F54: 16639.84 | G54: 1 | H54: 0 | I54: OESTE | J54: 0 | K54: 4 | L54: 0 | M54: 0.16 | N54: 1 | O54: 0 | P54: 0 | Q54: 138.8 | R54: 1 | S54: 1 | T54: 70 | U54: 12
A55: 12500370 | B55: LPT EPB - 7ª TRANCHE META EXCEPCIONAL | C55: CONDE | D55: 13/06/2025 | E55: 13/09/2025 | F55: 32074.54 | G55: 2 | H55: 1 | I55: LESTE | J55: 0 | K55: 5 | L55: 0 | M55: 0.17 | N55: 2 | O55: 0 | P55: 0 | Q55: 179.35 | R55: 1 | S55: 1 | T55: 70 | U55: 12
A56: 12500399 | B56: LPT EPB - 7ª TRANCHE META EXCEPCIONAL | C56: CONDE | D56: 25/07/2025 | E56: 12/09/2025 | F56: 18358.91 | G56: 2 | H56: 1 | I56: LESTE | J56: 0 | K56: 2 | L56: 0 | M56: 0.06 | N56: 2 | O56: 0 | P56: 0 | Q56: 83.3 | R56: 1 | S56: 1 | T56: 70 | U56: 12 | V56: Selecionado
A57: 12500478 | B57: LPT EPB - 7ª TRANCHE META EXCEPCIONAL | C57: SAPE | D57: 08/05/2025 | E57: 26/08/2025 | F57: 11257.09 | G57: 1 | H57: 1 | I57: LESTE | J57: 0 | K57: 2 | L57: 0 | M57: 0.06 | N57: 1 | O57: 0 | P57: 0 | Q57: 73.3 | R57: 1 | S57: 1 | T57: 70 | U57: 12
A58: 22500174 | B58: LPT EPB - 7ª TRANCHE META EXCEPCIONAL | C58: GURJAO | D58: 22/05/2025 | E58: 10/06/2025 | F58: 10786.01 | G58: 1 | H58: 0 | I58: CENTRO | J58: 0 | K58: 3 | L58: 0 | M58: 0.07 | N58: 1 | O58: 0 | P58: 0 | Q58: 103.85 | R58: 1 | S58: 1 | T58: 70 | U58: 12
A59: 22500575 | B59: LPT EPB - 7ª TRANCHE META EXCEPCIONAL | C59: CONGO | D59: 29/04/2025 | E59: 11/08/2025 | F59: 21027 | G59: 1 | H59: 1 | I59: CENTRO | J59: 0 | K59: 2 | L59: 0 | M59: 0.08 | N59: 1 | O59: 1 | P59: 0 | Q59: 104.4 | R59: 1 | S59: 1 | T59: 70 | U59: 12
A60: 22500577 | B60: LPT EPB - 7ª TRANCHE META EXCEPCIONAL | C60: CUITE | D60: 19/05/2025 | E60: 28/07/2025 | F60: 26158.38 | G60: 1 | H60: 1 | I60: CENTRO | J60: 0 | K60: 2 | L60: 0.02 | M60: 0.02 | N60: 1 | O60: 1 | P60: 0 | Q60: 103.3 | R60: 1 | S60: 1 | T60: 70 | U60: 12
A61: 22500852 | B61: LPT EPB - 7ª TRANCHE META EXCEPCIONAL | C61: OLIVEDOS | D61: 14/08/2025 | E61: 30/09/2025 | F61: 24723.3 | G61: 1 | H61: 1 | I61: CENTRO | J61: 0 | K61: 2 | L61: 0.04 | M61: 0.04 | N61: 1 | O61: 1 | P61: 0 | Q61: 106.6 | R61: 1 | S61: 1 | T61: 70 | U61: 12 | V61: Selecionado
A62: 32500355 | B62: LPT EPB - 7ª TRANCHE META EXCEPCIONAL | C62: SAO JOAO DO RIO DO PEIXE | D62: 07/05/2025 | E62: 11/07/2025 | F62: 24796.92 | G62: 1 | H62: 1 | I62: OESTE | J62: 0 | K62: 4 | L62: 0.05 | M62: 0.08 | N62: 1 | O62: 1 | P62: 0 | Q62: 169.9 | R62: 1 | S62: 1 | T62: 70 | U62: 12
A63: 32500439 | B63: LPT EPB - 7ª TRANCHE META EXCEPCIONAL | C63: DESTERRO | D63: 23/07/2025 | E63: 02/09/2025 | F63: 99576.33 | G63: 1 | H63: 1 | I63: OESTE | J63: 0 | K63: 24 | L63: 1.17 | M63: 0.16 | N63: 1 | O63: 1 | P63: 0 | Q63: 897.5 | R63: 3 | S63: 3 | T63: 9 | U63: 6
A64: 32500471 | B64: LPT EPB - 7ª TRANCHE META EXCEPCIONAL | C64: SAO JOSE DO SABUGI | D64: 09/05/2025 | E64: 11/08/2025 | F64: 25792.72 | G64: 1 | H64: 1 | I64: OESTE | J64: 0 | K64: 4 | L64: 0 | M64: 0.15 | N64: 1 | O64: 0 | P64: 0 | Q64: 138.25 | R64: 1 | S64: 1 | T64: 70 | U64: 12
A65: 32501228 | B65: LPT EPB - 7ª TRANCHE META EXCEPCIONAL | C65: VISTA SERRANA | D65: 08/07/2025 | E65: 04/08/2025 | F65: 47630.66 | G65: 1 | H65: 1 | I65: OESTE | J65: 0 | K65: 9 | L65: 0.42 | M65: 0.07 | N65: 1 | O65: 1 | P65: 0 | Q65: 360.05 | R65: 2 | S65: 2 | T65: 28 | U65: 8
A66: 22402536 | B66: LPT EPB - 7ª TRANCHE META EXCEPCIONAL | C66: SOLANEA | D66: 29/04/2025 | E66: 11/12/2025 | F66: 42684.57 | G66: 1 | H66: 0 | I66: CENTRO | J66: 0 | K66: 7 | L66: 0.39 | M66: 0.05 | N66: 1 | O66: 1 | P66: 0 | Q66: 295.65 | R66: 2 | S66: 2 | T66: 28 | U66: 8
A67: 22500500 | B67: LPT EPB - 7ª TRANCHE META EXCEPCIONAL | C67: INGA | D67: 22/08/2025 | E67: 11/12/2025 | F67: 47360.29 | G67: 1 | H67: 0 | I67: CENTRO | J67: 0 | K67: 11 | L67: 0.58 | M67: 0.04 | N67: 1 | O67: 1 | P67: 0 | Q67: 436 | R67: 2 | S67: 2 | T67: 28 | U67: 8
A68: 22500585 | B68: LPT EPB - 7ª TRANCHE META EXCEPCIONAL | C68: SERRA REDONDA | D68: 29/04/2025 | E68: 30/09/2025 | F68: 6382.39 | G68: 1 | H68: 0 | I68: CENTRO | J68: 0 | K68: 1 | L68: 0 | M68: 0 | N68: 1 | O68: 0 | P68: 0 | Q68: 40 | R68: 1 | S68: 1 | T68: 70 | U68: 12
A69: 22500595 | B69: LPT EPB - 7ª TRANCHE META EXCEPCIONAL | C69: CUITE | D69: 09/05/2025 | E69: 28/10/2025 | F69: 15599.35 | G69: 1 | H69: 0 | I69: CENTRO | J69: 0 | K69: 4 | L69: 0 | M69: 0.16 | N69: 1 | O69: 0 | P69: 0 | Q69: 138.8 | R69: 1 | S69: 1 | T69: 70 | U69: 12
A70: 22500618 | B70: LPT EPB - 7ª TRANCHE META EXCEPCIONAL | C70: CUITE | D70: 09/05/2025 | E70: 03/12/2025 | F70: 10545.01 | G70: 1 | H70: 0 | I70: CENTRO | J70: 0 | K70: 2 | L70: 0 | M70: 0.04 | N70: 1 | O70: 0 | P70: 0 | Q70: 72.2 | R70: 1 | S70: 1 | T70: 70 | U70: 12 | V70: Selecionado
A71: 22500622 | B71: LPT EPB - 7ª TRANCHE META EXCEPCIONAL | C71: BOQUEIRAO | D71: 23/07/2025 | E71: 11/09/2025 | F71: 34331.88 | G71: 1 | H71: 0 | I71: CENTRO | J71: 0 | K71: 5 | L71: 0.19 | M71: 0.04 | N71: 1 | O71: 1 | P71: 0 | Q71: 213.1 | R71: 2 | S71: 2 | T71: 28 | U71: 8
A72: 22500631 | B72: LPT EPB - 7ª TRANCHE META EXCEPCIONAL | C72: LOGRADOURO | D72: 07/05/2025 | E72: 18/11/2025 | F72: 18187.24 | G72: 1 | H72: 0 | I72: CENTRO | J72: 0 | K72: 3 | L72: 0 | M72: 0.11 | N72: 1 | O72: 0 | P72: 0 | Q72: 106.05 | R72: 1 | S72: 1 | T72: 70 | U72: 12
A73: 22500635 | B73: LPT EPB - 7ª TRANCHE META EXCEPCIONAL | C73: NATUBA | D73: 09/05/2025 | E73: 10/08/2025 | F73: 9526.8 | G73: 1 | H73: 0 | I73: CENTRO | J73: 0 | K73: 2 | L73: 0 | M73: 0.08 | N73: 1 | O73: 0 | P73: 0 | Q73: 74.4 | R73: 1 | S73: 1 | T73: 70 | U73: 12
A74: 22500653 | B74: LPT EPB - 7ª TRANCHE META EXCEPCIONAL | C74: ALCANTIL | D74: 09/05/2025 | E74: 10/09/2025 | F74: 12513.17 | G74: 1 | H74: 0 | I74: CENTRO | J74: 0 | K74: 3 | L74: 0 | M74: 0.12 | N74: 1 | O74: 0 | P74: 0 | Q74: 106.6 | R74: 1 | S74: 1 | T74: 70 | U74: 12
A75: 22500659 | B75: LPT EPB - 7ª TRANCHE META EXCEPCIONAL | C75: REMIGIO | D75: 09/05/2025 | E75: 29/09/2025 | F75: 26167.6 | G75: 1 | H75: 0 | I75: CENTRO | J75: 0 | K75: 5 | L75: 0 | M75: 0.29 | N75: 1 | O75: 0 | P75: 0 | Q75: 175.95 | R75: 1 | S75: 1 | T75: 70 | U75: 12
A76: 22500695 | B76: LPT EPB - 7ª TRANCHE META EXCEPCIONAL | C76: SAO SEBASTIAO DE LAGOA DE ROCA | D76: 09/05/2025 | E76: 13/10/2025 | F76: 15117.71 | G76: 1 | H76: 0 | I76: CENTRO | J76: 0 | K76: 4 | L76: 0 | M76: 0.17 | N76: 1 | O76: 0 | P76: 0 | Q76: 139.35 | R76: 1 | S76: 1 | T76: 70 | U76: 12 | V76: Selecionado
A77: 22500809 | B77: LPT EPB - 7ª TRANCHE META EXCEPCIONAL | C77: PILOES | D77: 17/07/2025 | E77: 21/10/2025 | F77: 15339.79 | G77: 1 | H77: 0 | I77: CENTRO | J77: 0 | K77: 2 | L77: 0 | M77: 0.04 | N77: 1 | O77: 0 | P77: 0 | Q77: 72.2 | R77: 1 | S77: 1 | T77: 70 | U77: 12
A78: 22500825 | B78: LPT EPB - 7ª TRANCHE META EXCEPCIONAL | C78: CASSERENGUE | D78: 14/08/2025 | E78: 14/11/2025 | F78: 28870.02 | G78: 1 | H78: 0 | I78: CENTRO | J78: 0 | K78: 5 | L78: 0.08 | M78: 0.1 | N78: 1 | O78: 1 | P78: 0 | Q78: 204.3 | R78: 2 | S78: 2 | T78: 28 | U78: 8
A79: 22500835 | B79: LPT EPB - 7ª TRANCHE META EXCEPCIONAL | C79: COXIXOLA | D79: 03/07/2025 | E79: 30/10/2025 | F79: 35221.1 | G79: 1 | H79: 0 | I79: CENTRO | J79: 0 | K79: 5 | L79: 0.24 | M79: 0.05 | N79: 1 | O79: 1 | P79: 0 | Q79: 219.15 | R79: 2 | S79: 2 | T79: 28 | U79: 8 | V79: Selecionado
A80: 22500861 | B80: LPT EPB - 7ª TRANCHE META EXCEPCIONAL | C80: SAO DOMINGOS DO CARIRI | D80: 06/08/2025 | E80: 28/09/2025 | F80: 24410.19 | G80: 1 | H80: 0 | I80: CENTRO | J80: 0 | K80: 5 | L80: 0 | M80: 0.19 | N80: 1 | O80: 0 | P80: 0 | Q80: 170.45 | R80: 1 | S80: 1 | T80: 70 | U80: 12
A81: 32500769 | B81: LPT EPB - 7ª TRANCHE META EXCEPCIONAL | C81: PIANCO | D81: 29/10/2025 | E81: 24/11/2025 | F81: 35521.06 | G81: 1 | H81: 0 | I81: OESTE | J81: 0 | K81: 4 | L81: 0.08 | M81: 0.04 | N81: 1 | O81: 1 | P81: 0 | Q81: 171 | R81: 1 | S81: 1 | T81: 70 | U81: 12
A82: 22500665 | B82: LPT EPB - 7ª TRANCHE META EXCEPCIONAL | C82: JUAZEIRINHO | D82: 24/07/2025 | E82: 11/09/2025 | F82: 28832.41 | G82: 1 | H82: 1 | I82: CENTRO | J82: 0 | K82: 2 | L82: 0.03 | M82: 0.04 | N82: 1 | O82: 1 | P82: 0 | Q82: 105.5 | R82: 1 | S82: 1 | T82: 70 | U82: 12
A83: 22500889 | B83: LPT EPB - 7ª TRANCHE META EXCEPCIONAL | C83: SERIDO | D83: 06/08/2025 | E83: 11/09/2025 | F83: 28629.99 | G83: 1 | H83: 1 | I83: CENTRO | J83: 0 | K83: 5 | L83: 0.17 | M83: 0.02 | N83: 1 | O83: 1 | P83: 0 | Q83: 209.8 | R83: 2 | S83: 2 | T83: 28 | U83: 8
A84: 22500503 | B84: LPT EPB - 7ª TRANCHE META EXCEPCIONAL | C84: RIACHAO DO BACAMARTE | D84: 22/08/2025 | E84: 30/10/2025 | F84: 12821.43 | G84: 7 | H84: 0 | I84: CENTRO | J84: 0 | K84: 3 | L84: 0 | M84: 0.08 | N84: 7 | O84: 0 | P84: 0 | Q84: 164.4 | R84: 1 | S84: 1 | T84: 70 | U84: 12
A85: 22500657 | B85: LPT EPB - 7ª TRANCHE META EXCEPCIONAL | C85: BARRA DE SANTA ROSA | D85: 09/05/2025 | E85: 03/12/2025 | F85: 24376.09 | G85: 1 | H85: 0 | I85: CENTRO | J85: 0 | K85: 2 | L85: 0.04 | M85: 0.04 | N85: 1 | O85: 1 | P85: 0 | Q85: 106.6 | R85: 1 | S85: 1 | T85: 70 | U85: 12
A86: 22500767 | B86: LPT EPB - 7ª TRANCHE META EXCEPCIONAL | C86: CUITE | D86: 06/05/2025 | E86: 03/12/2025 | F86: 22452.24 | G86: 1 | H86: 0 | I86: CENTRO | J86: 0 | K86: 7 | L86: 0 | M86: 0.29 | N86: 1 | O86: 0 | P86: 0 | Q86: 235.95 | R86: 2 | S86: 2 | T86: 28 | U86: 8
A87: 22500841 | B87: LPT EPB - 7ª TRANCHE META EXCEPCIONAL | C87: CAMPINA GRANDE | D87: 13/08/2025 | E87: 03/12/2025 | F87: 39852.11 | G87: 1 | H87: 0 | I87: CENTRO | J87: 0 | K87: 7 | L87: 0.16 | M87: 0.16 | N87: 1 | O87: 1 | P87: 0 | Q87: 276.4 | R87: 2 | S87: 2 | T87: 28 | U87: 8
A88: 22500365 | B88: LPT EPB - 7ª TRANCHE META EXCEPCIONAL | C88: MONTEIRO | D88: 18/06/2025 | E88: 06/09/2025 | F88: 35713.19 | G88: 1 | H88: 0 | I88: CENTRO | J88: 0 | K88: 11 | L88: 0 | M88: 0.43 | N88: 1 | O88: 0 | P88: 0 | Q88: 363.65 | R88: 2 | S88: 2 | T88: 28 | U88: 8
A89: 22500410 | B89: LPT EPB - 7ª TRANCHE META EXCEPCIONAL | C89: ESPERANCA | D89: 09/05/2025 | E89: 28/10/2025 | F89: 24611.16 | G89: 1 | H89: 0 | I89: CENTRO | J89: 0 | K89: 3 | L89: 0 | M89: 0.08 | N89: 1 | O89: 1 | P89: 0 | Q89: 134.4 | R89: 1 | S89: 1 | T89: 70 | U89: 12
A90: 22500820 | B90: LPT EPB - 7ª TRANCHE META EXCEPCIONAL | C90: GADO BRAVO | D90: 13/08/2025 | E90: 11/12/2025 | F90: 37642.69 | G90: 1 | H90: 0 | I90: CENTRO | J90: 0 | K90: 8 | L90: 0.52 | M90: 0.04 | N90: 1 | O90: 1 | P90: 0 | Q90: 339.4 | R90: 2 | S90: 2 | T90: 28 | U90: 8
A91: 22500882 | B91: LPT EPB - 7ª TRANCHE META EXCEPCIONAL | C91: CUBATI | D91: 28/04/2025 | E91: 30/05/2025 | F91: 10790.67 | G91: 1 | H91: 0 | I91: CENTRO | J91: 0 | K91: 3 | L91: 0 | M91: 0.12 | N91: 1 | O91: 0 | P91: 0 | Q91: 106.6 | R91: 1 | S91: 1 | T91: 70 | U91: 12 | V91: Selecionado
A92: 22500769 | B92: LPT EPB - 7ª TRANCHE META EXCEPCIONAL | C92: POCINHOS | D92: 09/05/2025 | E92: 24/09/2025 | F92: 42266.4 | G92: 1 | H92: 0 | I92: CENTRO | J92: 0 | K92: 6 | L92: 0.39 | M92: 0.04 | N92: 1 | O92: 1 | P92: 0 | Q92: 265.1 | R92: 2 | S92: 2 | T92: 28 | U92: 8
A93: 22500363 | B93: LPT EPB - 7ª TRANCHE META EXCEPCIONAL | C93: ALAGOINHA | D93: 07/05/2025 | E93: 26/09/2025 | F93: 14377.14 | G93: 1 | H93: 0 | I93: CENTRO | J93: 0 | K93: 3 | L93: 0 | M93: 0.07 | N93: 1 | O93: 0 | P93: 0 | Q93: 103.85 | R93: 1 | S93: 1 | T93: 70 | U93: 12
A94: 22500515 | B94: LPT EPB - 7ª TRANCHE META EXCEPCIONAL | C94: BARRA DE SANTA ROSA | D94: 22/05/2025 | E94: 11/08/2025 | F94: 86331.41 | G94: 1 | H94: 1 | I94: CENTRO | J94: 0 | K94: 19 | L94: 1.25 | M94: 0.07 | N94: 1 | O94: 1 | P94: 0 | Q94: 751.35 | R94: 3 | S94: 3 | T94: 9 | U94: 6 | V94: Selecionado
A95: 22500527 | B95: LPT EPB - 7ª TRANCHE META EXCEPCIONAL | C95: PICUI | D95: 13/08/2025 | E95: 26/11/2025 | F95: 54693.41 | G95: 1 | H95: 1 | I95: CENTRO | J95: 0 | K95: 13 | L95: 0.85 | M95: 0.04 | N95: 1 | O95: 1 | P95: 0 | Q95: 525.7 | R95: 3 | S95: 3 | T95: 9 | U95: 6 | V95: Selecionado
A96: 22500579 | B96: LPT EPB - 7ª TRANCHE META EXCEPCIONAL | C96: MONTEIRO | D96: 06/05/2025 | E96: 11/08/2025 | F96: 6025.99 | G96: 1 | H96: 1 | I96: CENTRO | J96: 0 | K96: 0 | L96: 0 | M96: 0 | N96: 1 | O96: 0 | P96: 0 | Q96: 10 | R96: 1 | S96: 1 | T96: 70 | U96: 12
A97: 22500592 | B97: LPT EPB - 7ª TRANCHE META EXCEPCIONAL | C97: PICUI | D97: 06/05/2025 | E97: 21/08/2025 | F97: 15442.72 | G97: 1 | H97: 1 | I97: CENTRO | J97: 0 | K97: 4 | L97: 0 | M97: 0.19 | N97: 1 | O97: 0 | P97: 0 | Q97: 140.45 | R97: 1 | S97: 1 | T97: 70 | U97: 12
A98: 22500698 | B98: LPT EPB - 7ª TRANCHE META EXCEPCIONAL | C98: SOLEDADE | D98: 06/05/2025 | E98: 09/09/2025 | F98: 22686.45 | G98: 1 | H98: 1 | I98: CENTRO | J98: 0 | K98: 6 | L98: 0 | M98: 0.25 | N98: 1 | O98: 0 | P98: 0 | Q98: 203.75 | R98: 2 | S98: 2 | T98: 28 | U98: 8
A99: 22500598 | B99: LPT EPB - 7ª TRANCHE META EXCEPCIONAL | C99: PICUI | D99: 13/08/2025 | E99: 15/12/2025 | F99: 41747.27 | G99: 1 | H99: 0 | I99: CENTRO | J99: 0 | K99: 7 | L99: 0.35 | M99: 0.04 | N99: 1 | O99: 1 | P99: 0 | Q99: 290.7 | R99: 2 | S99: 2 | T99: 28 | U99: 8
A100: 22500625 | B100: LPT EPB - 7ª TRANCHE META EXCEPCIONAL | C100: SANTA CECILIA | D100: 13/08/2025 | E100: 29/12/2025 | F100: 102430.34 | G100: 1 | H100: 0 | I100: CENTRO | J100: 0 | K100: 21 | L100: 0 | M100: 0.04 | N100: 1 | O100: 1 | P100: 0 | Q100: 672.2 | R100: 3 | S100: 3 | T100: 9 | U100: 6 | V100: Selecionado
...

Sheet Planilha4
A1: Município | C1: Município | E1: Município
A2: AGUA BRANCA | C2: AGUA BRANCA | E2: AGUA BRANCA
A3: ALCANTIL | C3: BARRA DE SANTA ROSA | E3: ALCANTIL
A4: AREIA | C4: BERNARDINO BATISTA | E4: AREIA
A5: AROEIRAS | C5: CONGO | E5: BARRA DE SANTA ROSA
A6: BARRA DE SANTA ROSA | C6: COXIXOLA | E6: CUBATI
A7: BERNARDINO BATISTA | C7: CUITE | E7: CUITE
A8: BOA VISTA | C8: GADO BRAVO | E8: CURRAL DE CIMA
A9: BOQUEIRAO | C9: INGA | E9: ESPERANCA
A10: CAJAZEIRAS | C10: JURU | E10: JURU
A11: CONDE | C11: LUCENA | E11: NATUBA
A12: COXIXOLA | C12: MONTEIRO | E12: REMIGIO
... A15: DESTERRO | C15: SAO DOMINGOS DO CARIRI | E15: SOLEDADE
A16: MAMANGUAPE | C16: SAO JOSE DA LAGOA TAPADA
A17: MATUREIA | C17: SAO JOSE DE CAIANA
A18: OLIVEDOS | C18: SOBRADO
A19: PICUI | C19: SOLEDADE
A20: SANTA CECILIA
A21: SANTA INES
A22: SANTA TERESINHA
A23: SAO JOSE DA LAGOA TAPADA
A24: SAO JOSE DE CAIANA
A25: SAO SEBASTIAO DE LAGOA DE ROCA
A26: SOLEDADE

Sheet Amostra 1_4_extrato_erro_9%
A1: ODI | B1: Projeto | C1: Município | D1: Data Inicio | E1: Data Fim | F1: Custo(R$) | G1: Cons. | H1: Kit | I1: Regional | J1: Grupo | K1: Poste | L1: Rede AT km | M1: Rede BT km | N1: Medidor | O1: Trafo | P1: Equip. | Q1: VR | R1: Estrato | S1: regionale | T1: NGH | U1: NPH | V1: STATUS
A2: 12500186 | B2: LPT EPB - 7ª TRANCHE META EXCEPCIONAL | C2: GURINHEM | D2: 01/08/2025 | E2: 08/08/2025 | F2: 5812.89 | G2: 1 | H2: 0 | I2: LESTE | J2: 0 | K2: 1 | L2: 0 | M2: 0.05 | N2: 1 | O2: 0 | P2: 0 | Q2: 42.75 | R2: 1 | S2: 1 | T2: 61 | U2: 8
A3: 12500231 | B3: LPT EPB - 7ª TRANCHE META EXCEPCIONAL | C3: CURRAL DE CIMA | D3: 14/08/2025 | E3: 20/08/2025 | F3: 8863.59 | G3: 1 | H3: 0 | I3: CENTRO | J3: 0 | K3: 2 | L3: 0 | M3: 0.04 | N3: 1 | O3: 0 | P3: 0 | Q3: 72.2 | R3: 1 | S3: 1 | T3: 61 | U3: 8
A4: 12500453 | B4: LPT EPB - 7ª TRANCHE META EXCEPCIONAL | C4: LUCENA | D4: 23/06/2025 | E4: 10/07/2025 | F4: 7628.76 | G4: 1 | H4: 0 | I4: LESTE | J4: 0 | K4: 2 | L4: 0 | M4: 0.06 | N4: 1 | O4: 0 | P4: 0 | Q4: 73.3 | R4: 1 | S4: 1 | T4: 61 | U4: 8 | V4: Selecionado
A5: 12500626 | B5: LPT EPB - 7ª TRANCHE META EXCEPCIONAL | C5: MAMANGUAPE | D5: 14/05/2025 | E5: 07/06/2025 | F5: 12357.51 | G5: 1 | H5: 0 | I5: LESTE | J5: 0 | K5: 3 | L5: 0 | M5: 0.09 | N5: 1 | O5: 0 | P5: 0 | Q5: 104.95 | R5: 1 | S5: 1 | T5: 61 | U5: 8
A6: 12500634 | B6: LPT EPB - 7ª TRANCHE META EXCEPCIONAL | C6: SOBRADO | D6: 11/06/2025 | E6: 07/07/2025 | F6: 7497.67 | G6: 1 | H6: 0 | I6: LESTE | J6: 0 | K6: 1 | L6: 0 | M6: 0.08 | N6: 1 | O6: 0 | P6: 0 | Q6: 44.4 | R6: 1 | S6: 1 | T6: 61 | U6: 8 | V6: Selecionado
A7: 22500311 | B7: LPT EPB - 7ª TRANCHE META EXCEPCIONAL | C7: CASSERENGUE | D7: 07/05/2025 | E7: 23/06/2025 | F7: 29306.9 | G7: 1 | H7: 0 | I7: CENTRO | J7: 0 | K7: 8 | L7: 0 | M7: 0.37 | N7: 1 | O7: 0 | P7: 0 | Q7: 270.35 | R7: 2 | S7: 2 | T7: 30 | U7: 5
A8: 32402500 | B8: LPT EPB - 7ª TRANCHE META EXCEPCIONAL | C8: JURU | D8: 01/08/2025 | E8: 20/08/2025 | F8: 22698.3 | G8: 1 | H8: 0 | I8: OESTE | J8: 0 | K8: 6 | L8: 0 | M8: 0.29 | N8: 1 | O8: 0 | P8: 0 | Q8: 205.95 | R8: 2 | S8: 2 | T8: 30 | U8: 5
A9: 22500857 | B9: LPT EPB - 7ª TRANCHE META EXCEPCIONAL | C9: OURO VELHO | D9: 08/08/2025 | E9: 02/09/2025 | F9: 10941.05 | G9: 1 | H9: 0 | I9: CENTRO | J9: 0 | K9: 3 | L9: 0 | M9: 0.08 | N9: 1 | O9: 0 | P9: 0 | Q9: 104.4 | R9: 1 | S9: 1 | T9: 61 | U9: 8
A10: 32500217 | B10: LPT EPB - 7ª TRANCHE META EXCEPCIONAL | C10: RIACHO DOS CAVALOS | D10: 21/05/2025 | E10: 22/05/2025 | F10: 15678.41 | G10: 1 | H10: 0 | I10: OESTE | J10: 0 | K10: 3 | L10: 0 | M10: 0.11 | N10: 1 | O10: 0 | P10: 0 | Q10: 106.05 | R10: 1 | S10: 1 | T10: 61 | U10: 8 | V10: Selecionado
A11: 32500220 | B11: LPT EPB - 7ª TRANCHE META EXCEPCIONAL | C11: SANTA TERESINHA | D11: 08/05/2025 | E11: 28/05/2025 | F11: 17692.65 | G11: 1 | H11: 0 | I11: OESTE | J11: 0 | K11: 4 | L11: 0 | M11: 0.15 | N11: 1 | O11: 0 | P11: 0 | Q11: 138.25 | R11: 1 | S11: 1 | T11: 61 | U11: 8 | V11: Selecionado
A12: 32500241 | B12: LPT EPB - 7ª TRANCHE META EXCEPCIONAL | C12: SANTA LUZIA | D12: 09/05/2025 | E12: 30/07/2025 | F12: 16364.82 | G12: 1 | H12: 0 | I12: OESTE | J12: 0 | K12: 4 | L12: 0 | M12: 0.13 | N12: 1 | O12: 0 | P12: 0 | Q12: 137.15 | R12: 1 | S12: 1 | T12: 61 | U12: 8
A13: 32500309 | B13: LPT EPB - 7ª TRANCHE META EXCEPCIONAL | C13: AGUA BRANCA | D13: 16/05/2025 | E13: 02/06/2025 | F13: 45318.52 | G13: 1 | H13: 0 | I13: OESTE | J13: 0 | K13: 6 | L13: 0.24 | M13: 0.04 | N13: 1 | O13: 1 | P13: 0 | Q13: 248.6 | R13: 2 | S13: 2 | T13: 30 | U13: 5 | V13: Selecionado
A14: 32500354 | B14: LPT EPB - 7ª TRANCHE META EXCEPCIONAL | C14: AGUA BRANCA | D14: 17/04/2025 | E14: 29/08/2025 | F14: 17985.69 | G14: 1 | H14: 0 | I14: OESTE | J14: 0 | K14: 3 | L14: 0 | M14: 0.12 | N14: 1 | O14: 0 | P14: 0 | Q14: 106.6 | R14: 1 | S14: 1 | T14: 61 | U14: 8
A15: 32500356 | B15: LPT EPB - 7ª TRANCHE META EXCEPCIONAL | C15: IMACULADA | D15: 09/05/2025 | E15: 15/05/2025 | F15: 7082.6 | G15: 1 | H15: 0 | I15: OESTE | J15: 0 | K15: 2 | L15: 0 | M15: 0.04 | N15: 1 | O15: 0 | P15: 0 | Q15: 72.2 | R15: 1 | S15: 1 | T15: 61 | U15: 8
A16: 32500357 | B16: LPT EPB - 7ª TRANCHE META EXCEPCIONAL | C16: POCO DE JOSE DE MOURA | D16: 21/05/2025 | E16: 22/05/2025 | F16: 14952.68 | G16: 1 | H16: 0 | I16: OESTE | J16: 0 | K16: 1 | L16: 0.02 | M16: 0.02 | N16: 1 | O16: 1 | P16: 0 | Q16: 73.3 | R16: 1 | S16: 1 | T16: 61 | U16: 8
A17: 32500400 | B17: LPT EPB - 7ª TRANCHE META EXCEPCIONAL | C17: VARZEA | D17: 08/07/2025 | E17: 17/10/2025 | F17: 41372.24 | G17: 2 | H17: 0 | I17: OESTE | J17: 0 | K17: 7 | L17: 0.14 | M17: 0.27 | N17: 2 | O17: 0 | P17: 0 | Q17: 260.25 | R17: 2 | S17: 2 | T17: 30 | U17: 5
A18: 32500448 | B18: LPT EPB - 7ª TRANCHE META EXCEPCIONAL | C18: VARZEA | D18: 09/04/2025 | E18: 15/04/2025 | F18: 11775.02 | G18: 1 | H18: 0 | I18: OESTE | J18: 0 | K18: 3 | L18: 0 | M18: 0.13 | N18: 1 | O18: 0 | P18: 0 | Q18: 107.15 | R18: 1 | S18: 1 | T18: 61 | U18: 8
A19: 32500469 | B19: LPT EPB - 7ª TRANCHE META EXCEPCIONAL | C19: CONCEICAO | D19: 10/04/2025 | E19: 19/07/2025 | F19: 8036.9 | G19: 1 | H19: 0 | I19: OESTE | J19: 0 | K19: 2 | L19: 0 | M19: 0.08 | N19: 1 | O19: 0 | P19: 0 | Q19: 74.4 | R19: 1 | S19: 1 | T19: 61 | U19: 8
A20: 32500510 | B20: LPT EPB - 7ª TRANCHE META EXCEPCIONAL | C20: CAJAZEIRAS | D20: 30/04/2025 | E20: 05/05/2025 | F20: 10732.6 | G20: 1 | H20: 0 | I20: OESTE | J20: 0 | K20: 2 | L20: 0 | M20: 0.08 | N20: 1 | O20: 0 | P20: 0 | Q20: 74.4 | R20: 1 | S20: 1 | T20: 61 | U20: 8
A21: 32500476 | B21: LPT EPB - 7ª TRANCHE META EXCEPCIONAL | C21: SAO MAMEDE | D21: 09/05/2025 | E21: 14/08/2025 | F21: 27593.97 | G21: 1 | H21: 0 | I21: OESTE | J21: 0 | K21: 3 | L21: 0.05 | M21: 0.05 | N21: 1 | O21: 1 | P21: 0 | Q21: 138.25 | R21: 1 | S21: 1 | T21: 61 | U21: 8
A22: 32500512 | B22: LPT EPB - 7ª TRANCHE META EXCEPCIONAL | C22: SAO JOSE DE CAIANA | D22: 07/05/2025 | E22: 01/08/2025 | F22: 15415.61 | G22: 1 | H22: 0 | I22: OESTE | J22: 0 | K22: 4 | L22: 0 | M22: 0.13 | N22: 1 | O22: 0 | P22: 0 | Q22: 137.15 | R22: 1 | S22: 1 | T22: 61 | U22: 8 | V22: Selecionado
A23: 32500524 | B23: LPT EPB - 7ª TRANCHE META EXCEPCIONAL | C23: SANTA INES | D23: 21/05/2025 | E23: 01/09/2025 | F23: 48419.31 | G23: 1 | H23: 0 | I23: OESTE | J23: 0 | K23: 9 | L23: 0.1 | M23: 0.26 | N23: 1 | O23: 1 | P23: 0 | Q23: 335.3 | R23: 3 | S23: 3 | T23: 11 | U23: 4
A24: 32500562 | B24: LPT EPB - 7ª TRANCHE META EXCEPCIONAL | C24: DESTERRO | D24: 14/05/2025 | E24: 01/07/2025 | F24: 23357.2 | G24: 1 | H24: 0 | I24: OESTE | J24: 0 | K24: 3 | L24: 0.04 | M24: 0.04 | N24: 1 | O24: 1 | P24: 0 | Q24: 136.6 | R24: 1 | S24: 1 | T24: 61 | U24: 8
A25: 32500579 | B25: LPT EPB - 7ª TRANCHE META EXCEPCIONAL | C25: PAULISTA | D25: 24/04/2025 | E25: 07/05/2025 | F25: 14075.53 | G25: 1 | H25: 0 | I25: OESTE | J25: 0 | K25: 3 | L25: 0 | M25: 0.18 | N25: 1 | O25: 0 | P25: 0 | Q25: 109.9 | R25: 1 | S25: 1 | T25: 61 | U25: 8
A26: 32500614 | B26: LPT EPB - 7ª TRANCHE META EXCEPCIONAL | C26: SAO JOSE DA LAGOA TAPADA | D26: 23/06/2025 | E26: 14/08/2025 | F26: 29265.94 | G26: 1 | H26: 0 | I26: OESTE | J26: 0 | K26: 6 | L26: 0 | M26: 0.31 | N26: 1 | O26: 0 | P26: 0 | Q26: 207.05 | R26: 2 | S26: 2 | T26: 30 | U26: 5
A27: 32500630 | B27: LPT EPB - 7ª TRANCHE META EXCEPCIONAL | C27: SAO JOSE DA LAGOA TAPADA | D27: 08/05/2025 | E27: 23/06/2025 | F27: 11894.85 | G27: 1 | H27: 0 | I27: OESTE | J27: 0 | K27: 3 | L27: 0 | M27: 0.13 | N27: 1 | O27: 0 | P27: 0 | Q27: 107.15 | R27: 1 | S27: 1 | T27: 61 | U27: 8 | V27: Selecionado
A28: 32500633 | B28: LPT EPB - 7ª TRANCHE META EXCEPCIONAL | C28: TRIUNFO | D28: 16/04/2025 | E28: 24/04/2025 | F28: 15723.92 | G28: 1 | H28: 0 | I28: OESTE | J28: 0 | K28: 4 | L28: 0 | M28: 0.18 | N28: 1 | O28: 0 | P28: 0 | Q28: 139.9 | R28: 1 | S28: 1 | T28: 61 | U28: 8
A29: 32500636 | B29: LPT EPB - 7ª TRANCHE META EXCEPCIONAL | C29: AGUA BRANCA | D29: 28/05/2025 | E29: 05/06/2025 | F29: 9287.75 | G29: 1 | H29: 0 | I29: OESTE | J29: 0 | K29: 2 | L29: 0 | M29: 0.09 | N29: 1 | O29: 0 | P29: 0 | Q29: 74.95 | R29: 1 | S29: 1 | T29: 61 | U29: 8
A30: 32500654 | B30: LPT EPB - 7ª TRANCHE META EXCEPCIONAL | C30: MANAIRA | D30: 30/04/2025 | E30: 14/05/2025 | F30: 42496.78 | G30: 1 | H30: 0 | I30: OESTE | J30: 0 | K30: 9 | L30: 0.48 | M30: 0.04 | N30: 1 | O30: 1 | P30: 0 | Q30: 365 | R30: 3 | S30: 3 | T30: 11 | U30: 4
A31: 32500687 | B31: LPT EPB - 7ª TRANCHE META EXCEPCIONAL | C31: MAE D'AGUA | D31: 30/04/2025 | E31: 14/05/2025 | F31: 20653.1 | G31: 1 | H31: 0 | I31: OESTE | J31: 0 | K31: 3 | L31: 0.13 | M31: 0.03 | N31: 1 | O31: 1 | P31: 0 | Q31: 145.95 | R31: 1 | S31: 1 | T31: 61 | U31: 8
A32: 32500699 | B32: LPT EPB - 7ª TRANCHE META EXCEPCIONAL | C32: AGUA BRANCA | D32: 07/05/2025 | E32: 04/07/2025 | F32: 10758.43 | G32: 1 | H32: 0 | I32: OESTE | J32: 0 | K32: 1 | L32: 0 | M32: 0.1 | N32: 1 | O32: 0 | P32: 0 | Q32: 45.5 | R32: 1 | S32: 1 | T32: 61 | U32: 8
A33: 32500704 | B33: LPT EPB - 7ª TRANCHE META EXCEPCIONAL | C33: JURU | D33: 01/08/2025 | E33: 09/10/2025 | F33: 78753.87 | G33: 1 | H33: 0 | I33: OESTE | J33: 0 | K33: 21 | L33: 1.17 | M33: 0.02 | N33: 1 | O33: 1 | P33: 0 | Q33: 799.8 | R33: 4 | S33: 4 | T33: 5 | U33: 2 | V33: Selecionado
A34: 32500721 | B34: LPT EPB - 7ª TRANCHE META EXCEPCIONAL | C34: SAO JOAO DO RIO DO PEIXE | D34: 30/04/2025 | E34: 14/05/2025 | F34: 7378.28 | G34: 1 | H34: 0 | I34: OESTE | J34: 0 | K34: 1 | L34: 0 | M34: 0.03 | N34: 1 | O34: 0 | P34: 0 | Q34: 41.65 | R34: 1 | S34: 1 | T34: 61 | U34: 8
A35: 32500740 | B35: LPT EPB - 7ª TRANCHE META EXCEPCIONAL | C35: APARECIDA | D35: 09/04/2025 | E35: 13/05/2025 | F35: 25445.97 | G35: 1 | H35: 0 | I35: OESTE | J35: 0 | K35: 4 | L35: 0 | M35: 0.14 | N35: 1 | O35: 0 | P35: 0 | Q35: 137.7 | R35: 1 | S35: 1 | T35: 61 | U35: 8
A36: 32500744 | B36: LPT EPB - 7ª TRANCHE META EXCEPCIONAL | C36: SAO JOSE DE CAIANA | D36: 16/04/2025 | E36: 06/06/2025 | F36: 15008.16 | G36: 1 | H36: 0 | I36: OESTE | J36: 0 | K36: 4 | L36: 0 | M36: 0.16 | N36: 1 | O36: 0 | P36: 0 | Q36: 138.8 | R36: 1 | S36: 1 | T36: 61 | U36: 8
A37: 32500748 | B37: LPT EPB - 7ª TRANCHE META EXCEPCIONAL | C37: MATUREIA | D37: 17/04/2025 | E37: 18/06/2025 | F37: 7354.23 | G37: 1 | H37: 0 | I37: OESTE | J37: 0 | K37: 1 | L37: 0 | M37: 0.04 | N37: 1 | O37: 0 | P37: 0 | Q37: 42.2 | R37: 1 | S37: 1 | T37: 61 | U37: 8
A38: 32500755 | B38: LPT EPB - 7ª TRANCHE META EXCEPCIONAL | C38: BERNARDINO BATISTA | D38: 15/05/2025 | E38: 05/06/2025 | F38: 34501.56 | G38: 1 | H38: 0 | I38: OESTE | J38: 0 | K38: 8 | L38: 0.29 | M38: 0.08 | N38: 1 | O38: 0 | P38: 0 | Q38: 286.3 | R38: 2 | S38: 2 | T38: 30 | U38: 5 | V38: Selecionado
A39: 32500761 | B39: LPT EPB - 7ª TRANCHE META EXCEPCIONAL | C39: TEIXEIRA | D39: 13/06/2025 | E39: 04/07/2025 | F39: 18034.8 | G39: 1 | H39: 0 | I39: OESTE | J39: 0 | K39: 3 | L39: 0.04 | M39: 0.03 | N39: 1 | O39: 1 | P39: 0 | Q39: 136.05 | R39: 1 | S39: 1 | T39: 61 | U39: 8
A40: 32500765 | B40: LPT EPB - 7ª TRANCHE META EXCEPCIONAL | C40: MANAIRA | D40: 17/07/2025 | E40: 04/08/2025 | F40: 21648.15 | G40: 1 | H40: 0 | I40: OESTE | J40: 0 | K40: 2 | L40: 0.04 | M40: 0.04 | N40: 1 | O40: 1 | P40: 0 | Q40: 106.6 | R40: 1 | S40: 1 | T40: 61 | U40: 8
A41: 32501989 | B41: LPT EPB - 7ª TRANCHE META EXCEPCIONAL | C41: VARZEA | D41: 28/08/2025 | E41: 23/09/2025 | F41: 18640.32 | G41: 1 | H41: 0 | I41: OESTE | J41: 0 | K41: 4 | L41: 0 | M41: 0.13 | N41: 1 | O41: 0 | P41: 0 | Q41: 137.15 | R41: 1 | S41: 1 | T41: 61 | U41: 8
A42: 22500262 | B42: LPT EPB - 7ª TRANCHE META EXCEPCIONAL | C42: SOLEDADE | D42: 14/07/2025 | E42: 20/08/2025 | F42: 35779.87 | G42: 1 | H42: 0 | I42: CENTRO | J42: 0 | K42: 9 | L42: 0 | M42: 0.35 | N42: 1 | O42: 0 | P42: 0 | Q42: 299.25 | R42: 2 | S42: 2 | T42: 30 | U42: 5
A43: 22500328 | B43: LPT EPB - 7ª TRANCHE META EXCEPCIONAL | C43: SAO SEBASTIAO DO UMBUZEIRO | D43: 29/04/2025 | E43: 25/07/2025 | F43: 27461.25 | G43: 1 | H43: 0 | I43: CENTRO | J43: 0 | K43: 3 | L43: 0.05 | M43: 0.05 | N43: 1 | O43: 1 | P43: 0 | Q43: 138.25 | R43: 1 | S43: 1 | T43: 61 | U43: 8
A44: 22500330 | B44: LPT EPB - 7ª TRANCHE META EXCEPCIONAL | C44: BOQUEIRAO | D44: 08/08/2025 | E44: 13/08/2025 | F44: 20597.34 | G44: 1 | H44: 0 | I44: CENTRO | J44: 0 | K44: 6 | L44: 0 | M44: 0.2 | N44: 1 | O44: 0 | P44: 0 | Q44: 201 | R44: 2 | S44: 2 | T44: 30 | U44: 5
A45: 22500583 | B45: LPT EPB - 7ª TRANCHE META EXCEPCIONAL | C45: SERIDO | D45: 29/04/2025 | E45: 09/09/2025 | F45: 13988.21 | G45: 1 | H45: 0 | I45: CENTRO | J45: 0 | K45: 4 | L45: 0 | M45: 0.15 | N45: 1 | O45: 0 | P45: 0 | Q45: 138.25 | R45: 1 | S45: 1 | T45: 61 | U45: 8
A46: 22500662 | B46: LPT EPB - 7ª TRANCHE META EXCEPCIONAL | C46: AROEIRAS | D46: 13/08/2025 | E46: 28/10/2025 | F46: 10733.31 | G46: 1 | H46: 0 | I46: CENTRO | J46: 0 | K46: 2 | L46: 0 | M46: 0.04 | N46: 1 | O46: 0 | P46: 0 | Q46: 72.2 | R46: 1 | S46: 1 | T46: 61 | U46: 8
A47: 22500686 | B47: LPT EPB - 7ª TRANCHE META EXCEPCIONAL | C47: CUITE | D47: 07/05/2025 | E47: 11/08/2025 | F47: 7289.74 | G47: 1 | H47: 0 | I47: CENTRO | J47: 0 | K47: 2 | L47: 0 | M47: 0.06 | N47: 1 | O47: 0 | P47: 0 | Q47: 73.3 | R47: 1 | S47: 1 | T47: 61 | U47: 8 | V47: Selecionado
A48: 22500720 | B48: LPT EPB - 7ª TRANCHE META EXCEPCIONAL | C48: TENORIO | D48: 12/08/2025 | E48: 25/09/2025 | F48: 25737.13 | G48: 1 | H48: 0 | I48: CENTRO | J48: 0 | K48: 3 | L48: 0.03 | M48: 0.07 | N48: 1 | O48: 1 | P48: 0 | Q48: 137.15 | R48: 1 | S48: 1 | T48: 61 | U48: 8
A49: 22500802 | B49: LPT EPB - 7ª TRANCHE META EXCEPCIONAL | C49: JUNCO DO SERIDO | D49: 07/05/2025 | E49: 28/10/2025 | F49: 19623.55 | G49: 1 | H49: 0 | I49: CENTRO | J49: 0 | K49: 5 | L49: 0 | M49: 0.24 | N49: 1 | O49: 0 | P49: 0 | Q49: 173.2 | R49: 2 | S49: 2 | T49: 30 | U49: 5
A50: 22500844 | B50: LPT EPB - 7ª TRANCHE META EXCEPCIONAL | C50: MONTEIRO | D50: 18/06/2025 | E50: 13/08/2025 | F50: 25026.66 | G50: 1 | H50: 0 | I50: CENTRO | J50: 0 | K50: 4 | L50: 0.13 | M50: 0.04 | N50: 1 | O50: 1 | P50: 0 | Q50: 176.5 | R50: 2 | S50: 2 | T50: 30 | U50: 5
A51: 22500869 | B51: LPT EPB - 7ª TRANCHE META EXCEPCIONAL | C51: BARRA DE SANTA ROSA | D51: 14/08/2025 | E51: 15/10/2025 | F51: 22700.06 | G51: 1 | H51: 0 | I51: CENTRO | J51: 0 | K51: 7 | L51: 0 | M51: 0.31 | N51: 1 | O51: 0 | P51: 0 | Q51: 237.05 | R51: 2 | S51: 2 | T51: 30 | U51: 5
A52: 22500876 | B52: LPT EPB - 7ª TRANCHE META EXCEPCIONAL | C52: TAPEROA | D52: 07/05/2025 | E52: 17/09/2025 | F52: 17715.38 | G52: 1 | H52: 0 | I52: CENTRO | J52: 0 | K52: 5 | L52: 0 | M52: 0.19 | N52: 1 | O52: 0 | P52: 0 | Q52: 170.45 | R52: 2 | S52: 2 | T52: 30 | U52: 5
A53: 32500296 | B53: LPT EPB - 7ª TRANCHE META EXCEPCIONAL | C53: MANAIRA | D53: 20/08/2025 | E53: 15/10/2025 | F53: 77834.11 | G53: 1 | H53: 0 | I53: OESTE | J53: 0 | K53: 20 | L53: 1.02 | M53: 0.04 | N53: 1 | O53: 1 | P53: 0 | Q53: 754.4 | R53: 4 | S53: 4 | T53: 5 | U53: 2
A54: 32500383 | B54: LPT EPB - 7ª TRANCHE META EXCEPCIONAL | C54: TAVARES | D54: 13/08/2025 | E54: 26/09/2025 | F54: 16639.84 | G54: 1 | H54: 0 | I54: OESTE | J54: 0 | K54: 4 | L54: 0 | M54: 0.16 | N54: 1 | O54: 0 | P54: 0 | Q54: 138.8 | R54: 1 | S54: 1 | T54: 61 | U54: 8
A55: 12500370 | B55: LPT EPB - 7ª TRANCHE META EXCEPCIONAL | C55: CONDE | D55: 13/06/2025 | E55: 13/09/2025 | F55: 32074.54 | G55: 2 | H55: 1 | I55: LESTE | J55: 0 | K55: 5 | L55: 0 | M55: 0.17 | N55: 2 | O55: 0 | P55: 0 | Q55: 179.35 | R55: 2 | S55: 2 | T55: 30 | U55: 5
A56: 12500399 | B56: LPT EPB - 7ª TRANCHE META EXCEPCIONAL | C56: CONDE | D56: 25/07/2025 | E56: 12/09/2025 | F56: 18358.91 | G56: 2 | H56: 1 | I56: LESTE | J56: 0 | K56: 2 | L56: 0 | M56: 0.06 | N56: 2 | O56: 0 | P56: 0 | Q56: 83.3 | R56: 1 | S56: 1 | T56: 61 | U56: 8
A57: 12500478 | B57: LPT EPB - 7ª TRANCHE META EXCEPCIONAL | C57: SAPE | D57: 08/05/2025 | E57: 26/08/2025 | F57: 11257.09 | G57: 1 | H57: 1 | I57: LESTE | J57: 0 | K57: 2 | L57: 0 | M57: 0.06 | N57: 1 | O57: 0 | P57: 0 | Q57: 73.3 | R57: 1 | S57: 1 | T57: 61 | U57: 8
A58: 22500174 | B58: LPT EPB - 7ª TRANCHE META EXCEPCIONAL | C58: GURJAO | D58: 22/05/2025 | E58: 10/06/2025 | F58: 10786.01 | G58: 1 | H58: 0 | I58: CENTRO | J58: 0 | K58: 3 | L58: 0 | M58: 0.07 | N58: 1 | O58: 0 | P58: 0 | Q58: 103.85 | R58: 1 | S58: 1 | T58: 61 | U58: 8
A59: 22500575 | B59: LPT EPB - 7ª TRANCHE META EXCEPCIONAL | C59: CONGO | D59: 29/04/2025 | E59: 11/08/2025 | F59: 21027 | G59: 1 | H59: 1 | I59: CENTRO | J59: 0 | K59: 2 | L59: 0 | M59: 0.08 | N59: 1 | O59: 1 | P59: 0 | Q59: 104.4 | R59: 1 | S59: 1 | T59: 61 | U59: 8 | V59: Selecionado
A60: 22500577 | B60: LPT EPB - 7ª TRANCHE META EXCEPCIONAL | C60: CUITE | D60: 19/05/2025 | E60: 28/07/2025 | F60: 26158.38 | G60: 1 | H60: 1 | I60: CENTRO | J60: 0 | K60: 2 | L60: 0.02 | M60: 0.02 | N60: 1 | O60: 1 | P60: 0 | Q60: 103.3 | R60: 1 | S60: 1 | T60: 61 | U60: 8
A61: 22500852 | B61: LPT EPB - 7ª TRANCHE META EXCEPCIONAL | C61: OLIVEDOS | D61: 14/08/2025 | E61: 30/09/2025 | F61: 24723.3 | G61: 1 | H61: 1 | I61: CENTRO | J61: 0 | K61: 2 | L61: 0.04 | M61: 0.04 | N61: 1 | O61: 1 | P61: 0 | Q61: 106.6 | R61: 1 | S61: 1 | T61: 61 | U61: 8
A62: 32500355 | B62: LPT EPB - 7ª TRANCHE META EXCEPCIONAL | C62: SAO JOAO DO RIO DO PEIXE | D62: 07/05/2025 | E62: 11/07/2025 | F62: 24796.92 | G62: 1 | H62: 1 | I62: OESTE | J62: 0 | K62: 4 | L62: 0.05 | M62: 0.08 | N62: 1 | O62: 1 | P62: 0 | Q62: 169.9 | R62: 2 | S62: 2 | T62: 30 | U62: 5
A63: 32500439 | B63: LPT EPB - 7ª TRANCHE META EXCEPCIONAL | C63: DESTERRO | D63: 23/07/2025 | E63: 02/09/2025 | F63: 99576.33 | G63: 1 | H63: 1 | I63: OESTE | J63: 0 | K63: 24 | L63: 1.17 | M63: 0.16 | N63: 1 | O63: 1 | P63: 0 | Q63: 897.5 | R63: 4 | S63: 4 | T63: 5 | U63: 2
A64: 32500471 | B64: LPT EPB - 7ª TRANCHE META EXCEPCIONAL | C64: SAO JOSE DO SABUGI | D64: 09/05/2025 | E64: 11/08/2025 | F64: 25792.72 | G64: 1 | H64: 1 | I64: OESTE | J64: 0 | K64: 4 | L64: 0 | M64: 0.15 | N64: 1 | O64: 0 | P64: 0 | Q64: 138.25 | R64: 1 | S64: 1 | T64: 61 | U64: 8
A65: 32501228 | B65: LPT EPB - 7ª TRANCHE META EXCEPCIONAL | C65: VISTA SERRANA | D65: 08/07/2025 | E65: 04/08/2025 | F65: 47630.66 | G65: 1 | H65: 1 | I65: OESTE | J65: 0 | K65: 9 | L65: 0.42 | M65: 0.07 | N65: 1 | O65: 1 | P65: 0 | Q65: 360.05 | R65: 3 | S65: 3 | T65: 11 | U65: 4
A66: 22402536 | B66: LPT EPB - 7ª TRANCHE META EXCEPCIONAL | C66: SOLANEA | D66: 29/04/2025 | E66: 11/12/2025 | F66: 42684.57 | G66: 1 | H66: 0 | I66: CENTRO | J66: 0 | K66: 7 | L66: 0.39 | M66: 0.05 | N66: 1 | O66: 1 | P66: 0 | Q66: 295.65 | R66: 2 | S66: 2 | T66: 30 | U66: 5
A67: 22500500 | B67: LPT EPB - 7ª TRANCHE META EXCEPCIONAL | C67: INGA | D67: 22/08/2025 | E67: 11/12/2025 | F67: 47360.29 | G67: 1 | H67: 0 | I67: CENTRO | J67: 0 | K67: 11 | L67: 0.58 | M67: 0.04 | N67: 1 | O67: 1 | P67: 0 | Q67: 436 | R67: 3 | S67: 3 | T67: 11 | U67: 4 | V67: Selecionado
A68: 22500585 | B68: LPT EPB - 7ª TRANCHE META EXCEPCIONAL | C68: SERRA REDONDA | D68: 29/04/2025 | E68: 30/09/2025 | F68: 6382.39 | G68: 1 | H68: 0 | I68: CENTRO | J68: 0 | K68: 1 | L68: 0 | M68: 0 | N68: 1 | O68: 0 | P68: 0 | Q68: 40 | R68: 1 | S68: 1 | T68: 61 | U68: 8
A69: 22500595 | B69: LPT EPB - 7ª TRANCHE META EXCEPCIONAL | C69: CUITE | D69: 09/05/2025 | E69: 28/10/2025 | F69: 15599.35 | G69: 1 | H69: 0 | I69: CENTRO | J69: 0 | K69: 4 | L69: 0 | M69: 0.16 | N69: 1 | O69: 0 | P69: 0 | Q69: 138.8 | R69: 1 | S69: 1 | T69: 61 | U69: 8
A70: 22500618 | B70: LPT EPB - 7ª TRANCHE META EXCEPCIONAL | C70: CUITE | D70: 09/05/2025 | E70: 03/12/2025 | F70: 10545.01 | G70: 1 | H70: 0 | I70: CENTRO | J70: 0 | K70: 2 | L70: 0 | M70: 0.04 | N70: 1 | O70: 0 | P70: 0 | Q70: 72.2 | R70: 1 | S70: 1 | T70: 61 | U70: 8
A71: 22500622 | B71: LPT EPB - 7ª TRANCHE META EXCEPCIONAL | C71: BOQUEIRAO | D71: 23/07/2025 | E71: 11/09/2025 | F71: 34331.88 | G71: 1 | H71: 0 | I71: CENTRO | J71: 0 | K71: 5 | L71: 0.19 | M71: 0.04 | N71: 1 | O71: 1 | P71: 0 | Q71: 213.1 | R71: 2 | S71: 2 | T71: 30 | U71: 5
A72: 22500631 | B72: LPT EPB - 7ª TRANCHE META EXCEPCIONAL | C72: LOGRADOURO | D72: 07/05/2025 | E72: 18/11/2025 | F72: 18187.24 | G72: 1 | H72: 0 | I72: CENTRO | J72: 0 | K72: 3 | L72: 0 | M72: 0.11 | N72: 1 | O72: 0 | P72: 0 | Q72: 106.05 | R72: 1 | S72: 1 | T72: 61 | U72: 8
A73: 22500635 | B73: LPT EPB - 7ª TRANCHE META EXCEPCIONAL | C73: NATUBA | D73: 09/05/2025 | E73: 10/08/2025 | F73: 9526.8 | G73: 1 | H73: 0 | I73: CENTRO | J73: 0 | K73: 2 | L73: 0 | M73: 0.08 | N73: 1 | O73: 0 | P73: 0 | Q73: 74.4 | R73: 1 | S73: 1 | T73: 61 | U73: 8
A74: 22500653 | B74: LPT EPB - 7ª TRANCHE META EXCEPCIONAL | C74: ALCANTIL | D74: 09/05/2025 | E74: 10/09/2025 | F74: 12513.17 | G74: 1 | H74: 0 | I74: CENTRO | J74: 0 | K74: 3 | L74: 0 | M74: 0.12 | N74: 1 | O74: 0 | P74: 0 | Q74: 106.6 | R74: 1 | S74: 1 | T74: 61 | U74: 8
A75: 22500659 | B75: LPT EPB - 7ª TRANCHE META EXCEPCIONAL | C75: REMIGIO | D75: 09/05/2025 | E75: 29/09/2025 | F75: 26167.6 | G75: 1 | H75: 0 | I75: CENTRO | J75: 0 | K75: 5 | L75: 0 | M75: 0.29 | N75: 1 | O75: 0 | P75: 0 | Q75: 175.95 | R75: 2 | S75: 2 | T75: 30 | U75: 5
A76: 22500695 | B76: LPT EPB - 7ª TRANCHE META EXCEPCIONAL | C76: SAO SEBASTIAO DE LAGOA DE ROCA | D76: 09/05/2025 | E76: 13/10/2025 | F76: 15117.71 | G76: 1 | H76: 0 | I76: CENTRO | J76: 0 | K76: 4 | L76: 0 | M76: 0.17 | N76: 1 | O76: 0 | P76: 0 | Q76: 139.35 | R76: 1 | S76: 1 | T76: 61 | U76: 8
A77: 22500809 | B77: LPT EPB - 7ª TRANCHE META EXCEPCIONAL | C77: PILOES | D77: 17/07/2025 | E77: 21/10/2025 | F77: 15339.79 | G77: 1 | H77: 0 | I77: CENTRO | J77: 0 | K77: 2 | L77: 0 | M77: 0.04 | N77: 1 | O77: 0 | P77: 0 | Q77: 72.2 | R77: 1 | S77: 1 | T77: 61 | U77: 8
A78: 22500825 | B78: LPT EPB - 7ª TRANCHE META EXCEPCIONAL | C78: CASSERENGUE | D78: 14/08/2025 | E78: 14/11/2025 | F78: 28870.02 | G78: 1 | H78: 0 | I78: CENTRO | J78: 0 | K78: 5 | L78: 0.08 | M78: 0.1 | N78: 1 | O78: 1 | P78: 0 | Q78: 204.3 | R78: 2 | S78: 2 | T78: 30 | U78: 5
A79: 22500835 | B79: LPT EPB - 7ª TRANCHE META EXCEPCIONAL | C79: COXIXOLA | D79: 03/07/2025 | E79: 30/10/2025 | F79: 35221.1 | G79: 1 | H79: 0 | I79: CENTRO | J79: 0 | K79: 5 | L79: 0.24 | M79: 0.05 | N79: 1 | O79: 1 | P79: 0 | Q79: 219.15 | R79: 2 | S79: 2 | T79: 30 | U79: 5 | V79: Selecionado
A80: 22500861 | B80: LPT EPB - 7ª TRANCHE META EXCEPCIONAL | C80: SAO DOMINGOS DO CARIRI | D80: 06/08/2025 | E80: 28/09/2025 | F80: 24410.19 | G80: 1 | H80: 0 | I80: CENTRO | J80: 0 | K80: 5 | L80: 0 | M80: 0.19 | N80: 1 | O80: 0 | P80: 0 | Q80: 170.45 | R80: 2 | S80: 2 | T80: 30 | U80: 5 | V80: Selecionado
A81: 32500769 | B81: LPT EPB - 7ª TRANCHE META EXCEPCIONAL | C81: PIANCO | D81: 29/10/2025 | E81: 24/11/2025 | F81: 35521.06 | G81: 1 | H81: 0 | I81: OESTE | J81: 0 | K81: 4 | L81: 0.08 | M81: 0.04 | N81: 1 | O81: 1 | P81: 0 | Q81: 171 | R81: 2 | S81: 2 | T81: 30 | U81: 5
A82: 22500665 | B82: LPT EPB - 7ª TRANCHE META EXCEPCIONAL | C82: JUAZEIRINHO | D82: 24/07/2025 | E82: 11/09/2025 | F82: 28832.41 | G82: 1 | H82: 1 | I82: CENTRO | J82: 0 | K82: 2 | L82: 0.03 | M82: 0.04 | N82: 1 | O82: 1 | P82: 0 | Q82: 105.5 | R82: 1 | S82: 1 | T82: 61 | U82: 8
A83: 22500889 | B83: LPT EPB - 7ª TRANCHE META EXCEPCIONAL | C83: SERIDO | D83: 06/08/2025 | E83: 11/09/2025 | F83: 28629.99 | G83: 1 | H83: 1 | I83: CENTRO | J83: 0 | K83: 5 | L83: 0.17 | M83: 0.02 | N83: 1 | O83: 1 | P83: 0 | Q83: 209.8 | R83: 2 | S83: 2 | T83: 30 | U83: 5
A84: 22500503 | B84: LPT EPB - 7ª TRANCHE META EXCEPCIONAL | C84: RIACHAO DO BACAMARTE | D84: 22/08/2025 | E84: 30/10/2025 | F84: 12821.43 | G84: 7 | H84: 0 | I84: CENTRO | J84: 0 | K84: 3 | L84: 0 | M84: 0.08 | N84: 7 | O84: 0 | P84: 0 | Q84: 164.4 | R84: 2 | S84: 2 | T84: 30 | U84: 5
A85: 22500657 | B85: LPT EPB - 7ª TRANCHE META EXCEPCIONAL | C85: BARRA DE SANTA ROSA | D85: 09/05/2025 | E85: 03/12/2025 | F85: 24376.09 | G85: 1 | H85: 0 | I85: CENTRO | J85: 0 | K85: 2 | L85: 0.04 | M85: 0.04 | N85: 1 | O85: 1 | P85: 0 | Q85: 106.6 | R85: 1 | S85: 1 | T85: 61 | U85: 8
A86: 22500767 | B86: LPT EPB - 7ª TRANCHE META EXCEPCIONAL | C86: CUITE | D86: 06/05/2025 | E86: 03/12/2025 | F86: 22452.24 | G86: 1 | H86: 0 | I86: CENTRO | J86: 0 | K86: 7 | L86: 0 | M86: 0.29 | N86: 1 | O86: 0 | P86: 0 | Q86: 235.95 | R86: 2 | S86: 2 | T86: 30 | U86: 5
A87: 22500841 | B87: LPT EPB - 7ª TRANCHE META EXCEPCIONAL | C87: CAMPINA GRANDE | D87: 13/08/2025 | E87: 03/12/2025 | F87: 39852.11 | G87: 1 | H87: 0 | I87: CENTRO | J87: 0 | K87: 7 | L87: 0.16 | M87: 0.16 | N87: 1 | O87: 1 | P87: 0 | Q87: 276.4 | R87: 2 | S87: 2 | T87: 30 | U87: 5
A88: 22500365 | B88: LPT EPB - 7ª TRANCHE META EXCEPCIONAL | C88: MONTEIRO | D88: 18/06/2025 | E88: 06/09/2025 | F88: 35713.19 | G88: 1 | H88: 0 | I88: CENTRO | J88: 0 | K88: 11 | L88: 0 | M88: 0.43 | N88: 1 | O88: 0 | P88: 0 | Q88: 363.65 | R88: 3 | S88: 3 | T88: 11 | U88: 4 | V88: Selecionado
A89: 22500410 | B89: LPT EPB - 7ª TRANCHE META EXCEPCIONAL | C89: ESPERANCA | D89: 09/05/2025 | E89: 28/10/2025 | F89: 24611.16 | G89: 1 | H89: 0 | I89: CENTRO | J89: 0 | K89: 3 | L89: 0 | M89: 0.08 | N89: 1 | O89: 1 | P89: 0 | Q89: 134.4 | R89: 1 | S89: 1 | T89: 61 | U89: 8
A90: 22500820 | B90: LPT EPB - 7ª TRANCHE META EXCEPCIONAL | C90: GADO BRAVO | D90: 13/08/2025 | E90: 11/12/2025 | F90: 37642.69 | G90: 1 | H90: 0 | I90: CENTRO | J90: 0 | K90: 8 | L90: 0.52 | M90: 0.04 | N90: 1 | O90: 1 | P90: 0 | Q90: 339.4 | R90: 3 | S90: 3 | T90: 11 | U90: 4 | V90: Selecionado
A91: 22500882 | B91: LPT EPB - 7ª TRANCHE META EXCEPCIONAL | C91: CUBATI | D91: 28/04/2025 | E91: 30/05/2025 | F91: 10790.67 | G91: 1 | H91: 0 | I91: CENTRO | J91: 0 | K91: 3 | L91: 0 | M91: 0.12 | N91: 1 | O91: 0 | P91: 0 | Q91: 106.6 | R91: 1 | S91: 1 | T91: 61 | U91: 8
A92: 22500769 | B92: LPT EPB - 7ª TRANCHE META EXCEPCIONAL | C92: POCINHOS | D92: 09/05/2025 | E92: 24/09/2025 | F92: 42266.4 | G92: 1 | H92: 0 | I92: CENTRO | J92: 0 | K92: 6 | L92: 0.39 | M92: 0.04 | N92: 1 | O92: 1 | P92: 0 | Q92: 265.1 | R92: 2 | S92: 2 | T92: 30 | U92: 5
A93: 22500363 | B93: LPT EPB - 7ª TRANCHE META EXCEPCIONAL | C93: ALAGOINHA | D93: 07/05/2025 | E93: 26/09/2025 | F93: 14377.14 | G93: 1 | H93: 0 | I93: CENTRO | J93: 0 | K93: 3 | L93: 0 | M93: 0.07 | N93: 1 | O93: 0 | P93: 0 | Q93: 103.85 | R93: 1 | S93: 1 | T93: 61 | U93: 8
A94: 22500515 | B94: LPT EPB - 7ª TRANCHE META EXCEPCIONAL | C94: BARRA DE SANTA ROSA | D94: 22/05/2025 | E94: 11/08/2025 | F94: 86331.41 | G94: 1 | H94: 1 | I94: CENTRO | J94: 0 | K94: 19 | L94: 1.25 | M94: 0.07 | N94: 1 | O94: 1 | P94: 0 | Q94: 751.35 | R94: 4 | S94: 4 | T94: 5 | U94: 2 | V94: Selecionado
A95: 22500527 | B95: LPT EPB - 7ª TRANCHE META EXCEPCIONAL | C95: PICUI | D95: 13/08/2025 | E95: 26/11/2025 | F95: 54693.41 | G95: 1 | H95: 1 | I95: CENTRO | J95: 0 | K95: 13 | L95: 0.85 | M95: 0.04 | N95: 1 | O95: 1 | P95: 0 | Q95: 525.7 | R95: 3 | S95: 3 | T95: 11 | U95: 4
A96: 22500579 | B96: LPT EPB - 7ª TRANCHE META EXCEPCIONAL | C96: MONTEIRO | D96: 06/05/2025 | E96: 11/08/2025 | F96: 6025.99 | G96: 1 | H96: 1 | I96: CENTRO | J96: 0 | K96: 0 | L96: 0 | M96: 0 | N96: 1 | O96: 0 | P96: 0 | Q96: 10 | R96: 1 | S96: 1 | T96: 61 | U96: 8
A97: 22500592 | B97: LPT EPB - 7ª TRANCHE META EXCEPCIONAL | C97: PICUI | D97: 06/05/2025 | E97: 21/08/2025 | F97: 15442.72 | G97: 1 | H97: 1 | I97: CENTRO | J97: 0 | K97: 4 | L97: 0 | M97: 0.19 | N97: 1 | O97: 0 | P97: 0 | Q97: 140.45 | R97: 1 | S97: 1 | T97: 61 | U97: 8
A98: 22500698 | B98: LPT EPB - 7ª TRANCHE META EXCEPCIONAL | C98: SOLEDADE | D98: 06/05/2025 | E98: 09/09/2025 | F98: 22686.45 | G98: 1 | H98: 1 | I98: CENTRO | J98: 0 | K98: 6 | L98: 0 | M98: 0.25 | N98: 1 | O98: 0 | P98: 0 | Q98: 203.75 | R98: 2 | S98: 2 | T98: 30 | U98: 5 | V98: Selecionado
A99: 22500598 | B99: LPT EPB - 7ª TRANCHE META EXCEPCIONAL | C99: PICUI | D99: 13/08/2025 | E99: 15/12/2025 | F99: 41747.27 | G99: 1 | H99: 0 | I99: CENTRO | J99: 0 | K99: 7 | L99: 0.35 | M99: 0.04 | N99: 1 | O99: 1 | P99: 0 | Q99: 290.7 | R99: 2 | S99: 2 | T99: 30 | U99: 5
A100: 22500625 | B100: LPT EPB - 7ª TRANCHE META EXCEPCIONAL | C100: SANTA CECILIA | D100: 13/08/2025 | E100: 29/12/2025 | F100: 102430.34 | G100: 1 | H100: 0 | I100: CENTRO | J100: 0 | K100: 21 | L100: 0 | M100: 0.04 | N100: 1 | O100: 1 | P100: 0 | Q100: 672.2 | R100: 4 | S100: 4 | T100: 5 | U100: 2
...

Sheet Amostra 1_5_extrato_erro_9%
A1: ODI | B1: Projeto | C1: Município | D1: Data Inicio | E1: Data Fim | F1: Custo(R$) | G1: Cons. | H1: Kit | I1: Regional | J1: Grupo | K1: Poste | L1: Rede AT km | M1: Rede BT km | N1: Medidor | O1: Trafo | P1: Equip. | Q1: VR | R1: Estrato | S1: regionale | T1: NGH | U1: NPH | V1: STATUS
A2: 12500186 | B2: LPT EPB - 7ª TRANCHE META EXCEPCIONAL | C2: GURINHEM | D2: 01/08/2025 | E2: 08/08/2025 | F2: 5812.89 | G2: 1 | H2: 0 | I2: LESTE | J2: 0 | K2: 1 | L2: 0 | M2: 0.05 | N2: 1 | O2: 0 | P2: 0 | Q2: 42.75 | R2: 1 | S2: 1 | T2: 40 | U2: 4
A3: 12500231 | B3: LPT EPB - 7ª TRANCHE META EXCEPCIONAL | C3: CURRAL DE CIMA | D3: 14/08/2025 | E3: 20/08/2025 | F3: 8863.59 | G3: 1 | H3: 0 | I3: CENTRO | J3: 0 | K3: 2 | L3: 0 | M3: 0.04 | N3: 1 | O3: 0 | P3: 0 | Q3: 72.2 | R3: 1 | S3: 1 | T3: 40 | U3: 4 | V3: Selecionado
A4: 12500453 | B4: LPT EPB - 7ª TRANCHE META EXCEPCIONAL | C4: LUCENA | D4: 23/06/2025 | E4: 10/07/2025 | F4: 7628.76 | G4: 1 | H4: 0 | I4: LESTE | J4: 0 | K4: 2 | L4: 0 | M4: 0.06 | N4: 1 | O4: 0 | P4: 0 | Q4: 73.3 | R4: 1 | S4: 1 | T4: 40 | U4: 4
A5: 12500626 | B5: LPT EPB - 7ª TRANCHE META EXCEPCIONAL | C5: MAMANGUAPE | D5: 14/05/2025 | E5: 07/06/2025 | F5: 12357.51 | G5: 1 | H5: 0 | I5: LESTE | J5: 0 | K5: 3 | L5: 0 | M5: 0.09 | N5: 1 | O5: 0 | P5: 0 | Q5: 104.95 | R5: 1 | S5: 1 | T5: 40 | U5: 4
A6: 12500634 | B6: LPT EPB - 7ª TRANCHE META EXCEPCIONAL | C6: SOBRADO | D6: 11/06/2025 | E6: 07/07/2025 | F6: 7497.67 | G6: 1 | H6: 0 | I6: LESTE | J6: 0 | K6: 1 | L6: 0 | M6: 0.08 | N6: 1 | O6: 0 | P6: 0 | Q6: 44.4 | R6: 1 | S6: 1 | T6: 40 | U6: 4
A7: 22500311 | B7: LPT EPB - 7ª TRANCHE META EXCEPCIONAL | C7: CASSERENGUE | D7: 07/05/2025 | E7: 23/06/2025 | F7: 29306.9 | G7: 1 | H7: 0 | I7: CENTRO | J7: 0 | K7: 8 | L7: 0 | M7: 0.37 | N7: 1 | O7: 0 | P7: 0 | Q7: 270.35 | R7: 3 | S7: 3 | T7: 18 | U7: 3
A8: 32402500 | B8: LPT EPB - 7ª TRANCHE META EXCEPCIONAL | C8: JURU | D8: 01/08/2025 | E8: 20/08/2025 | F8: 22698.3 | G8: 1 | H8: 0 | I8: OESTE | J8: 0 | K8: 6 | L8: 0 | M8: 0.29 | N8: 1 | O8: 0 | P8: 0 | Q8: 205.95 | R8: 2 | S8: 2 | T8: 39 | U8: 4
A9: 22500857 | B9: LPT EPB - 7ª TRANCHE META EXCEPCIONAL | C9: OURO VELHO | D9: 08/08/2025 | E9: 02/09/2025 | F9: 10941.05 | G9: 1 | H9: 0 | I9: CENTRO | J9: 0 | K9: 3 | L9: 0 | M9: 0.08 | N9: 1 | O9: 0 | P9: 0 | Q9: 104.4 | R9: 1 | S9: 1 | T9: 40 | U9: 4
A10: 32500217 | B10: LPT EPB - 7ª TRANCHE META EXCEPCIONAL | C10: RIACHO DOS CAVALOS | D10: 21/05/2025 | E10: 22/05/2025 | F10: 15678.41 | G10: 1 | H10: 0 | I10: OESTE | J10: 0 | K10: 3 | L10: 0 | M10: 0.11 | N10: 1 | O10: 0 | P10: 0 | Q10: 106.05 | R10: 1 | S10: 1 | T10: 40 | U10: 4
A11: 32500220 | B11: LPT EPB - 7ª TRANCHE META EXCEPCIONAL | C11: SANTA TERESINHA | D11: 08/05/2025 | E11: 28/05/2025 | F11: 17692.65 | G11: 1 | H11: 0 | I11: OESTE | J11: 0 | K11: 4 | L11: 0 | M11: 0.15 | N11: 1 | O11: 0 | P11: 0 | Q11: 138.25 | R11: 2 | S11: 2 | T11: 39 | U11: 4
A12: 32500241 | B12: LPT EPB - 7ª TRANCHE META EXCEPCIONAL | C12: SANTA LUZIA | D12: 09/05/2025 | E12: 30/07/2025 | F12: 16364.82 | G12: 1 | H12: 0 | I12: OESTE | J12: 0 | K12: 4 | L12: 0 | M12: 0.13 | N12: 1 | O12: 0 | P12: 0 | Q12: 137.15 | R12: 2 | S12: 2 | T12: 39 | U12: 4
A13: 32500309 | B13: LPT EPB - 7ª TRANCHE META EXCEPCIONAL | C13: AGUA BRANCA | D13: 16/05/2025 | E13: 02/06/2025 | F13: 45318.52 | G13: 1 | H13: 0 | I13: OESTE | J13: 0 | K13: 6 | L13: 0.24 | M13: 0.04 | N13: 1 | O13: 1 | P13: 0 | Q13: 248.6 | R13: 3 | S13: 3 | T13: 18 | U13: 3 | V13: Selecionado
A14: 32500354 | B14: LPT EPB - 7ª TRANCHE META EXCEPCIONAL | C14: AGUA BRANCA | D14: 17/04/2025 | E14: 29/08/2025 | F14: 17985.69 | G14: 1 | H14: 0 | I14: OESTE | J14: 0 | K14: 3 | L14: 0 | M14: 0.12 | N14: 1 | O14: 0 | P14: 0 | Q14: 106.6 | R14: 1 | S14: 1 | T14: 40 | U14: 4
A15: 32500356 | B15: LPT EPB - 7ª TRANCHE META EXCEPCIONAL | C15: IMACULADA | D15: 09/05/2025 | E15: 15/05/2025 | F15: 7082.6 | G15: 1 | H15: 0 | I15: OESTE | J15: 0 | K15: 2 | L15: 0 | M15: 0.04 | N15: 1 | O15: 0 | P15: 0 | Q15: 72.2 | R15: 1 | S15: 1 | T15: 40 | U15: 4
A16: 32500357 | B16: LPT EPB - 7ª TRANCHE META EXCEPCIONAL | C16: POCO DE JOSE DE MOURA | D16: 21/05/2025 | E16: 22/05/2025 | F16: 14952.68 | G16: 1 | H16: 0 | I16: OESTE | J16: 0 | K16: 1 | L16: 0.02 | M16: 0.02 | N16: 1 | O16: 1 | P16: 0 | Q16: 73.3 | R16: 1 | S16: 1 | T16: 40 | U16: 4
A17: 32500400 | B17: LPT EPB - 7ª TRANCHE META EXCEPCIONAL | C17: VARZEA | D17: 08/07/2025 | E17: 17/10/2025 | F17: 41372.24 | G17: 2 | H17: 0 | I17: OESTE | J17: 0 | K17: 7 | L17: 0.14 | M17: 0.27 | N17: 2 | O17: 0 | P17: 0 | Q17: 260.25 | R17: 3 | S17: 3 | T17: 18 | U17: 3
A18: 32500448 | B18: LPT EPB - 7ª TRANCHE META EXCEPCIONAL | C18: VARZEA | D18: 09/04/2025 | E18: 15/04/2025 | F18: 11775.02 | G18: 1 | H18: 0 | I18: OESTE | J18: 0 | K18: 3 | L18: 0 | M18: 0.13 | N18: 1 | O18: 0 | P18: 0 | Q18: 107.15 | R18: 1 | S18: 1 | T18: 40 | U18: 4
A19: 32500469 | B19: LPT EPB - 7ª TRANCHE META EXCEPCIONAL | C19: CONCEICAO | D19: 10/04/2025 | E19: 19/07/2025 | F19: 8036.9 | G19: 1 | H19: 0 | I19: OESTE | J19: 0 | K19: 2 | L19: 0 | M19: 0.08 | N19: 1 | O19: 0 | P19: 0 | Q19: 74.4 | R19: 1 | S19: 1 | T19: 40 | U19: 4
A20: 32500510 | B20: LPT EPB - 7ª TRANCHE META EXCEPCIONAL | C20: CAJAZEIRAS | D20: 30/04/2025 | E20: 05/05/2025 | F20: 10732.6 | G20: 1 | H20: 0 | I20: OESTE | J20: 0 | K20: 2 | L20: 0 | M20: 0.08 | N20: 1 | O20: 0 | P20: 0 | Q20: 74.4 | R20: 1 | S20: 1 | T20: 40 | U20: 4
A21: 32500476 | B21: LPT EPB - 7ª TRANCHE META EXCEPCIONAL | C21: SAO MAMEDE | D21: 09/05/2025 | E21: 14/08/2025 | F21: 27593.97 | G21: 1 | H21: 0 | I21: OESTE | J21: 0 | K21: 3 | L21: 0.05 | M21: 0.05 | N21: 1 | O21: 1 | P21: 0 | Q21: 138.25 | R21: 2 | S21: 2 | T21: 39 | U21: 4
A22: 32500512 | B22: LPT EPB - 7ª TRANCHE META EXCEPCIONAL | C22: SAO JOSE DE CAIANA | D22: 07/05/2025 | E22: 01/08/2025 | F22: 15415.61 | G22: 1 | H22: 0 | I22: OESTE | J22: 0 | K22: 4 | L22: 0 | M22: 0.13 | N22: 1 | O22: 0 | P22: 0 | Q22: 137.15 | R22: 2 | S22: 2 | T22: 39 | U22: 4
A23: 32500524 | B23: LPT EPB - 7ª TRANCHE META EXCEPCIONAL | C23: SANTA INES | D23: 21/05/2025 | E23: 01/09/2025 | F23: 48419.31 | G23: 1 | H23: 0 | I23: OESTE | J23: 0 | K23: 9 | L23: 0.1 | M23: 0.26 | N23: 1 | O23: 1 | P23: 0 | Q23: 335.3 | R23: 3 | S23: 3 | T23: 18 | U23: 3
A24: 32500562 | B24: LPT EPB - 7ª TRANCHE META EXCEPCIONAL | C24: DESTERRO | D24: 14/05/2025 | E24: 01/07/2025 | F24: 23357.2 | G24: 1 | H24: 0 | I24: OESTE | J24: 0 | K24: 3 | L24: 0.04 | M24: 0.04 | N24: 1 | O24: 1 | P24: 0 | Q24: 136.6 | R24: 2 | S24: 2 | T24: 39 | U24: 4
A25: 32500579 | B25: LPT EPB - 7ª TRANCHE META EXCEPCIONAL | C25: PAULISTA | D25: 24/04/2025 | E25: 07/05/2025 | F25: 14075.53 | G25: 1 | H25: 0 | I25: OESTE | J25: 0 | K25: 3 | L25: 0 | M25: 0.18 | N25: 1 | O25: 0 | P25: 0 | Q25: 109.9 | R25: 1 | S25: 1 | T25: 40 | U25: 4
... A32: 32500699 | B32: LPT EPB - 7ª TRANCHE META EXCEPCIONAL | C32: AGUA BRANCA | D32: 07/05/2025 | E32: 04/07/2025 | F32: 10758.43 | G32: 1 | H32: 0 | I32: OESTE | J32: 0 | K32: 1 | L32: 0 | M32: 0.1 | N32: 1 | O32: 0 | P32: 0 | Q32: 45.5 | R32: 1 | S32: 1 | T32: 40 | U32: 4
A33: 32500704 | B33: LPT EPB - 7ª TRANCHE META EXCEPCIONAL | C33: JURU | D33: 01/08/2025 | E33: 09/10/2025 | F33: 78753.87 | G33: 1 | H33: 0 | I33: OESTE | J33: 0 | K33: 21 | L33: 1.17 | M33: 0.02 | N33: 1 | O33: 1 | P33: 0 | Q33: 799.8 | R33: 5 | S33: 5 | T33: 5 | U33: 2 | V33: Selecionado
A34: 32500721 | B34: LPT EPB - 7ª TRANCHE META EXCEPCIONAL | C34: SAO JOAO DO RIO DO PEIXE | D34: 30/04/2025 | E34: 14/05/2025 | F34: 7378.28 | G34: 1 | H34: 0 | I34: OESTE | J34: 0 | K34: 1 | L34: 0 | M34: 0.03 | N34: 1 | O34: 0 | P34: 0 | Q34: 41.65 | R34: 1 | S34: 1 | T34: 40 | U34: 4
A35: 32500740 | B35: LPT EPB - 7ª TRANCHE META EXCEPCIONAL | C35: APARECIDA | D35: 09/04/2025 | E35: 13/05/2025 | F35: 25445.97 | G35: 1 | H35: 0 | I35: OESTE | J35: 0 | K35: 4 | L35: 0 | M35: 0.14 | N35: 1 | O35: 0 | P35: 0 | Q35: 137.7 | R35: 2 | S35: 2 | T35: 39 | U35: 4
A36: 32500744 | B36: LPT EPB - 7ª TRANCHE META EXCEPCIONAL | C36: SAO JOSE DE CAIANA | D36: 16/04/2025 | E36: 06/06/2025 | F36: 15008.16 | G36: 1 | H36: 0 | I36: OESTE | J36: 0 | K36: 4 | L36: 0 | M36: 0.16 | N36: 1 | O36: 0 | P36: 0 | Q36: 138.8 | R36: 2 | S36: 2 | T36: 39 | U36: 4
A37: 32500748 | B37: LPT EPB - 7ª TRANCHE META EXCEPCIONAL | C37: MATUREIA | D37: 17/04/2025 | E37: 18/06/2025 | F37: 7354.23 | G37: 1 | H37: 0 | I37: OESTE | J37: 0 | K37: 1 | L37: 0 | M37: 0.04 | N37: 1 | O37: 0 | P37: 0 | Q37: 42.2 | R37: 1 | S37: 1 | T37: 40 | U37: 4
A38: 32500755 | B38: LPT EPB - 7ª TRANCHE META EXCEPCIONAL | C38: BERNARDINO BATISTA | D38: 15/05/2025 | E38: 05/06/2025 | F38: 34501.56 | G38: 1 | H38: 0 | I38: OESTE | J38: 0 | K38: 8 | L38: 0.29 | M38: 0.08 | N38: 1 | O38: 0 | P38: 0 | Q38: 286.3 | R38: 3 | S38: 3 | T38: 18 | U38: 3
A39: 32500761 | B39: LPT EPB - 7ª TRANCHE META EXCEPCIONAL | C39: TEIXEIRA | D39: 13/06/2025 | E39: 04/07/2025 | F39: 18034.8 | G39: 1 | H39: 0 | I39: OESTE | J39: 0 | K39: 3 | L39: 0.04 | M39: 0.03 | N39: 1 | O39: 1 | P39: 0 | Q39: 136.05 | R39: 2 | S39: 2 | T39: 39 | U39: 4
A40: 32500765 | B40: LPT EPB - 7ª TRANCHE META EXCEPCIONAL | C40: MANAIRA | D40: 17/07/2025 | E40: 04/08/2025 | F40: 21648.15 | G40: 1 | H40: 0 | I40: OESTE | J40: 0 | K40: 2 | L40: 0.04 | M40: 0.04 | N40: 1 | O40: 1 | P40: 0 | Q40: 106.6 | R40: 1 | S40: 1 | T40: 40 | U40: 4
A41: 32501989 | B41: LPT EPB - 7ª TRANCHE META EXCEPCIONAL | C41: VARZEA | D41: 28/08/2025 | E41: 23/09/2025 | F41: 18640.32 | G41: 1 | H41: 0 | I41: OESTE | J41: 0 | K41: 4 | L41: 0 | M41: 0.13 | N41: 1 | O41: 0 | P41: 0 | Q41: 137.15 | R41: 2 | S41: 2 | T41: 39 | U41: 4
A42: 22500262 | B42: LPT EPB - 7ª TRANCHE META EXCEPCIONAL | C42: SOLEDADE | D42: 14/07/2025 | E42: 20/08/2025 | F42: 35779.87 | G42: 1 | H42: 0 | I42: CENTRO | J42: 0 | K42: 9 | L42: 0 | M42: 0.35 | N42: 1 | O42: 0 | P42: 0 | Q42: 299.25 | R42: 3 | S42: 3 | T42: 18 | U42: 3 | V42: Selecionado
A43: 22500328 | B43: LPT EPB - 7ª TRANCHE META EXCEPCIONAL | C43: SAO SEBASTIAO DO UMBUZEIRO | D43: 29/04/2025 | E43: 25/07/2025 | F43: 27461.25 | G43: 1 | H43: 0 | I43: CENTRO | J43: 0 | K43: 3 | L43: 0.05 | M43: 0.05 | N43: 1 | O43: 1 | P43: 0 | Q43: 138.25 | R43: 2 | S43: 2 | T43: 39 | U43: 4 | V43: Selecionado
A44: 22500330 | B44: LPT EPB - 7ª TRANCHE META EXCEPCIONAL | C44: BOQUEIRAO | D44: 08/08/2025 | E44: 13/08/2025 | F44: 20597.34 | G44: 1 | H44: 0 | I44: CENTRO | J44: 0 | K44: 6 | L44: 0 | M44: 0.2 | N44: 1 | O44: 0 | P44: 0 | Q44: 201 | R44: 2 | S44: 2 | T44: 39 | U44: 4
A45: 22500583 | B45: LPT EPB - 7ª TRANCHE META EXCEPCIONAL | C45: SERIDO | D45: 29/04/2025 | E45: 09/09/2025 | F45: 13988.21 | G45: 1 | H45: 0 | I45: CENTRO | J45: 0 | K45: 4 | L45: 0 | M45: 0.15 | N45: 1 | O45: 0 | P45: 0 | Q45: 138.25 | R45: 2 | S45: 2 | T45: 39 | U45: 4
A46: 22500662 | B46: LPT EPB - 7ª TRANCHE META EXCEPCIONAL | C46: AROEIRAS | D46: 13/08/2025 | E46: 28/10/2025 | F46: 10733.31 | G46: 1 | H46: 0 | I46: CENTRO | J46: 0 | K46: 2 | L46: 0 | M46: 0.04 | N46: 1 | O46: 0 | P46: 0 | Q46: 72.2 | R46: 1 | S46: 1 | T46: 40 | U46: 4
A47: 22500686 | B47: LPT EPB - 7ª TRANCHE META EXCEPCIONAL | C47: CUITE | D47: 07/05/2025 | E47: 11/08/2025 | F47: 7289.74 | G47: 1 | H47: 0 | I47: CENTRO | J47: 0 | K47: 2 | L47: 0 | M47: 0.06 | N47: 1 | O47: 0 | P47: 0 | Q47: 73.3 | R47: 1 | S47: 1 | T47: 40 | U47: 4
A48: 22500720 | B48: LPT EPB - 7ª TRANCHE META EXCEPCIONAL | C48: TENORIO | D48: 12/08/2025 | E48: 25/09/2025 | F48: 25737.13 | G48: 1 | H48: 0 | I48: CENTRO | J48: 0 | K48: 3 | L48: 0.03 | M48: 0.07 | N48: 1 | O48: 1 | P48: 0 | Q48: 137.15 | R48: 2 | S48: 2 | T48: 39 | U48: 4
A49: 22500802 | B49: LPT EPB - 7ª TRANCHE META EXCEPCIONAL | C49: JUNCO DO SERIDO | D49: 07/05/2025 | E49: 28/10/2025 | F49: 19623.55 | G49: 1 | H49: 0 | I49: CENTRO | J49: 0 | K49: 5 | L49: 0 | M49: 0.24 | N49: 1 | O49: 0 | P49: 0 | Q49: 173.2 | R49: 2 | S49: 2 | T49: 39 | U49: 4
A50: 22500844 | B50: LPT EPB - 7ª TRANCHE META EXCEPCIONAL | C50: MONTEIRO | D50: 18/06/2025 | E50: 13/08/2025 | F50: 25026.66 | G50: 1 | H50: 0 | I50: CENTRO | J50: 0 | K50: 4 | L50: 0.13 | M50: 0.04 | N50: 1 | O50: 1 | P50: 0 | Q50: 176.5 | R50: 2 | S50: 2 | T50: 39 | U50: 4
A51: 22500869 | B51: LPT EPB - 7ª TRANCHE META EXCEPCIONAL | C51: BARRA DE SANTA ROSA | D51: 14/08/2025 | E51: 15/10/2025 | F51: 22700.06 | G51: 1 | H51: 0 | I51: CENTRO | J51: 0 | K51: 7 | L51: 0 | M51: 0.31 | N51: 1 | O51: 0 | P51: 0 | Q51: 237.05 | R51: 3 | S51: 3 | T51: 18 | U51: 3
A52: 22500876 | B52: LPT EPB - 7ª TRANCHE META EXCEPCIONAL | C52: TAPEROA | D52: 07/05/2025 | E52: 17/09/2025 | F52: 17715.38 | G52: 1 | H52: 0 | I52: CENTRO | J52: 0 | K52: 5 | L52: 0 | M52: 0.19 | N52: 1 | O52: 0 | P52: 0 | Q52: 170.45 | R52: 2 | S52: 2 | T52: 39 | U52: 4
A53: 32500296 | B53: LPT EPB - 7ª TRANCHE META EXCEPCIONAL | C53: MANAIRA | D53: 20/08/2025 | E53: 15/10/2025 | F53: 77834.11 | G53: 1 | H53: 0 | I53: OESTE | J53: 0 | K53: 20 | L53: 1.02 | M53: 0.04 | N53: 1 | O53: 1 | P53: 0 | Q53: 754.4 | R53: 5 | S53: 5 | T53: 5 | U53: 2
A54: 32500383 | B54: LPT EPB - 7ª TRANCHE META EXCEPCIONAL | C54: TAVARES | D54: 13/08/2025 | E54: 26/09/2025 | F54: 16639.84 | G54: 1 | H54: 0 | I54: OESTE | J54: 0 | K54: 4 | L54: 0 | M54: 0.16 | N54: 1 | O54: 0 | P54: 0 | Q54: 138.8 | R54: 2 | S54: 2 | T54: 39 | U54: 4
A55: 12500370 | B55: LPT EPB - 7ª TRANCHE META EXCEPCIONAL | C55: CONDE | D55: 13/06/2025 | E55: 13/09/2025 | F55: 32074.54 | G55: 2 | H55: 1 | I55: LESTE | J55: 0 | K55: 5 | L55: 0 | M55: 0.17 | N55: 2 | O55: 0 | P55: 0 | Q55: 179.35 | R55: 2 | S55: 2 | T55: 39 | U55: 4
... A59: 22500575 | B59: LPT EPB - 7ª TRANCHE META EXCEPCIONAL | C59: CONGO | D59: 29/04/2025 | E59: 11/08/2025 | F59: 21027 | G59: 1 | H59: 1 | I59: CENTRO | J59: 0 | K59: 2 | L59: 0 | M59: 0.08 | N59: 1 | O59: 1 | P59: 0 | Q59: 104.4 | R59: 1 | S59: 1 | T59: 40 | U59: 4
A60: 22500577 | B60: LPT EPB - 7ª TRANCHE META EXCEPCIONAL | C60: CUITE | D60: 19/05/2025 | E60: 28/07/2025 | F60: 26158.38 | G60: 1 | H60: 1 | I60: CENTRO | J60: 0 | K60: 2 | L60: 0.02 | M60: 0.02 | N60: 1 | O60: 1 | P60: 0 | Q60: 103.3 | R60: 1 | S60: 1 | T60: 40 | U60: 4 | V60: Selecionado
A61: 22500852 | B61: LPT EPB - 7ª TRANCHE META EXCEPCIONAL | C61: OLIVEDOS | D61: 14/08/2025 | E61: 30/09/2025 | F61: 24723.3 | G61: 1 | H61: 1 | I61: CENTRO | J61: 0 | K61: 2 | L61: 0.04 | M61: 0.04 | N61: 1 | O61: 1 | P61: 0 | Q61: 106.6 | R61: 1 | S61: 1 | T61: 40 | U61: 4
A62: 32500355 | B62: LPT EPB - 7ª TRANCHE META EXCEPCIONAL | C62: SAO JOAO DO RIO DO PEIXE | D62: 07/05/2025 | E62: 11/07/2025 | F62: 24796.92 | G62: 1 | H62: 1 | I62: OESTE | J62: 0 | K62: 4 | L62: 0.05 | M62: 0.08 | N62: 1 | O62: 1 | P62: 0 | Q62: 169.9 | R62: 2 | S62: 2 | T62: 39 | U62: 4
A63: 32500439 | B63: LPT EPB - 7ª TRANCHE META EXCEPCIONAL | C63: DESTERRO | D63: 23/07/2025 | E63: 02/09/2025 | F63: 99576.33 | G63: 1 | H63: 1 | I63: OESTE | J63: 0 | K63: 24 | L63: 1.17 | M63: 0.16 | N63: 1 | O63: 1 | P63: 0 | Q63: 897.5 | R63: 5 | S63: 5 | T63: 5 | U63: 2
A64: 32500471 | B64: LPT EPB - 7ª TRANCHE META EXCEPCIONAL | C64: SAO JOSE DO SABUGI | D64: 09/05/2025 | E64: 11/08/2025 | F64: 25792.72 | G64: 1 | H64: 1 | I64: OESTE | J64: 0 | K64: 4 | L64: 0 | M64: 0.15 | N64: 1 | O64: 0 | P64: 0 | Q64: 138.25 | R64: 2 | S64: 2 | T64: 39 | U64: 4
A65: 32501228 | B65: LPT EPB - 7ª TRANCHE META EXCEPCIONAL | C65: VISTA SERRANA | D65: 08/07/2025 | E65: 04/08/2025 | F65: 47630.66 | G65: 1 | H65: 1 | I65: OESTE | J65: 0 | K65: 9 | L65: 0.42 | M65: 0.07 | N65: 1 | O65: 1 | P65: 0 | Q65: 360.05 | R65: 3 | S65: 3 | T65: 18 | U65: 3
A66: 22402536 | B66: LPT EPB - 7ª TRANCHE META EXCEPCIONAL | C66: SOLANEA | D66: 29/04/2025 | E66: 11/12/2025 | F66: 42684.57 | G66: 1 | H66: 0 | I66: CENTRO | J66: 0 | K66: 7 | L66: 0.39 | M66: 0.05 | N66: 1 | O66: 1 | P66: 0 | Q66: 295.65 | R66: 3 | S66: 3 | T66: 18 | U66: 3
A67: 22500500 | B67: LPT EPB - 7ª TRANCHE META EXCEPCIONAL | C67: INGA | D67: 22/08/2025 | E67: 11/12/2025 | F67: 47360.29 | G67: 1 | H67: 0 | I67: CENTRO | J67: 0 | K67: 11 | L67: 0.58 | M67: 0.04 | N67: 1 | O67: 1 | P67: 0 | Q67: 436 | R67: 4 | S67: 4 | T67: 5 | U67: 2
A68: 22500585 | B68: LPT EPB - 7ª TRANCHE META EXCEPCIONAL | C68: SERRA REDONDA | D68: 29/04/2025 | E68: 30/09/2025 | F68: 6382.39 | G68: 1 | H68: 0 | I68: CENTRO | J68: 0 | K68: 1 | L68: 0 | M68: 0 | N68: 1 | O68: 0 | P68: 0 | Q68: 40 | R68: 1 | S68: 1 | T68: 40 | U68: 4
A69: 22500595 | B69: LPT EPB - 7ª TRANCHE META EXCEPCIONAL | C69: CUITE | D69: 09/05/2025 | E69: 28/10/2025 | F69: 15599.35 | G69: 1 | H69: 0 | I69: CENTRO | J69: 0 | K69: 4 | L69: 0 | M69: 0.16 | N69: 1 | O69: 0 | P69: 0 | Q69: 138.8 | R69: 2 | S69: 2 | T69: 39 | U69: 4
A70: 22500618 | B70: LPT EPB - 7ª TRANCHE META EXCEPCIONAL | C70: CUITE | D70: 09/05/2025 | E70: 03/12/2025 | F70: 10545.01 | G70: 1 | H70: 0 | I70: CENTRO | J70: 0 | K70: 2 | L70: 0 | M70: 0.04 | N70: 1 | O70: 0 | P70: 0 | Q70: 72.2 | R70: 1 | S70: 1 | T70: 40 | U70: 4
A71: 22500622 | B71: LPT EPB - 7ª TRANCHE META EXCEPCIONAL | C71: BOQUEIRAO | D71: 23/07/2025 | E71: 11/09/2025 | F71: 34331.88 | G71: 1 | H71: 0 | I71: CENTRO | J71: 0 | K71: 5 | L71: 0.19 | M71: 0.04 | N71: 1 | O71: 1 | P71: 0 | Q71: 213.1 | R71: 2 | S71: 2 | T71: 39 | U71: 4
A72: 22500631 | B72: LPT EPB - 7ª TRANCHE META EXCEPCIONAL | C72: LOGRADOURO | D72: 07/05/2025 | E72: 18/11/2025 | F72: 18187.24 | G72: 1 | H72: 0 | I72: CENTRO | J72: 0 | K72: 3 | L72: 0 | M72: 0.11 | N72: 1 | O72: 0 | P72: 0 | Q72: 106.05 | R72: 1 | S72: 1 | T72: 40 | U72: 4
A73: 22500635 | B73: LPT EPB - 7ª TRANCHE META EXCEPCIONAL | C73: NATUBA | D73: 09/05/2025 | E73: 10/08/2025 | F73: 9526.8 | G73: 1 | H73: 0 | I73: CENTRO | J73: 0 | K73: 2 | L73: 0 | M73: 0.08 | N73: 1 | O73: 0 | P73: 0 | Q73: 74.4 | R73: 1 | S73: 1 | T73: 40 | U73: 4 | V73: Selecionado
A74: 22500653 | B74: LPT EPB - 7ª TRANCHE META EXCEPCIONAL | C74: ALCANTIL | D74: 09/05/2025 | E74: 10/09/2025 | F74: 12513.17 | G74: 1 | H74: 0 | I74: CENTRO | J74: 0 | K74: 3 | L74: 0 | M74: 0.12 | N74: 1 | O74: 0 | P74: 0 | Q74: 106.6 | R74: 1 | S74: 1 | T74: 40 | U74: 4
A75: 22500659 | B75: LPT EPB - 7ª TRANCHE META EXCEPCIONAL | C75: REMIGIO | D75: 09/05/2025 | E75: 29/09/2025 | F75: 26167.6 | G75: 1 | H75: 0 | I75: CENTRO | J75: 0 | K75: 5 | L75: 0 | M75: 0.29 | N75: 1 | O75: 0 | P75: 0 | Q75: 175.95 | R75: 2 | S75: 2 | T75: 39 | U75: 4 | V75: Selecionado
A76: 22500695 | B76: LPT EPB - 7ª TRANCHE META EXCEPCIONAL | C76: SAO SEBASTIAO DE LAGOA DE ROCA | D76: 09/05/2025 | E76: 13/10/2025 | F76: 15117.71 | G76: 1 | H76: 0 | I76: CENTRO | J76: 0 | K76: 4 | L76: 0 | M76: 0.17 | N76: 1 | O76: 0 | P76: 0 | Q76: 139.35 | R76: 2 | S76: 2 | T76: 39 | U76: 4
A77: 22500809 | B77: LPT EPB - 7ª TRANCHE META EXCEPCIONAL | C77: PILOES | D77: 17/07/2025 | E77: 21/10/2025 | F77: 15339.79 | G77: 1 | H77: 0 | I77: CENTRO | J77: 0 | K77: 2 | L77: 0 | M77: 0.04 | N77: 1 | O77: 0 | P77: 0 | Q77: 72.2 | R77: 1 | S77: 1 | T77: 40 | U77: 4
A78: 22500825 | B78: LPT EPB - 7ª TRANCHE META EXCEPCIONAL | C78: CASSERENGUE | D78: 14/08/2025 | E78: 14/11/2025 | F78: 28870.02 | G78: 1 | H78: 0 | I78: CENTRO | J78: 0 | K78: 5 | L78: 0.08 | M78: 0.1 | N78: 1 | O78: 1 | P78: 0 | Q78: 204.3 | R78: 2 | S78: 2 | T78: 39 | U78: 4
A79: 22500835 | B79: LPT EPB - 7ª TRANCHE META EXCEPCIONAL | C79: COXIXOLA | D79: 03/07/2025 | E79: 30/10/2025 | F79: 35221.1 | G79: 1 | H79: 0 | I79: CENTRO | J79: 0 | K79: 5 | L79: 0.24 | M79: 0.05 | N79: 1 | O79: 1 | P79: 0 | Q79: 219.15 | R79: 2 | S79: 2 | T79: 39 | U79: 4
A80: 22500861 | B80: LPT EPB - 7ª TRANCHE META EXCEPCIONAL | C80: SAO DOMINGOS DO CARIRI | D80: 06/08/2025 | E80: 28/09/2025 | F80: 24410.19 | G80: 1 | H80: 0 | I80: CENTRO | J80: 0 | K80: 5 | L80: 0 | M80: 0.19 | N80: 1 | O80: 0 | P80: 0 | Q80: 170.45 | R80: 2 | S80: 2 | T80: 39 | U80: 4
A81: 32500769 | B81: LPT EPB - 7ª TRANCHE META EXCEPCIONAL | C81: PIANCO | D81: 29/10/2025 | E81: 24/11/2025 | F81: 35521.06 | G81: 1 | H81: 0 | I81: OESTE | J81: 0 | K81: 4 | L81: 0.08 | M81: 0.04 | N81: 1 | O81: 1 | P81: 0 | Q81: 171 | R81: 2 | S81: 2 | T81: 39 | U81: 4
A82: 22500665 | B82: LPT EPB - 7ª TRANCHE META EXCEPCIONAL | C82: JUAZEIRINHO | D82: 24/07/2025 | E82: 11/09/2025 | F82: 28832.41 | G82: 1 | H82: 1 | I82: CENTRO | J82: 0 | K82: 2 | L82: 0.03 | M82: 0.04 | N82: 1 | O82: 1 | P82: 0 | Q82: 105.5 | R82: 1 | S82: 1 | T82: 40 | U82: 4
A83: 22500889 | B83: LPT EPB - 7ª TRANCHE META EXCEPCIONAL | C83: SERIDO | D83: 06/08/2025 | E83: 11/09/2025 | F83: 28629.99 | G83: 1 | H83: 1 | I83: CENTRO | J83: 0 | K83: 5 | L83: 0.17 | M83: 0.02 | N83: 1 | O83: 1 | P83: 0 | Q83: 209.8 | R83: 2 | S83: 2 | T83: 39 | U83: 4
A84: 22500503 | B84: LPT EPB - 7ª TRANCHE META EXCEPCIONAL | C84: RIACHAO DO BACAMARTE | D84: 22/08/2025 | E84: 30/10/2025 | F84: 12821.43 | G84: 7 | H84: 0 | I84: CENTRO | J84: 0 | K84: 3 | L84: 0 | M84: 0.08 | N84: 7 | O84: 0 | P84: 0 | Q84: 164.4 | R84: 2 | S84: 2 | T84: 39 | U84: 4 | V84: Selecionado
A85: 22500657 | B85: LPT EPB - 7ª TRANCHE META EXCEPCIONAL | C85: BARRA DE SANTA ROSA | D85: 09/05/2025 | E85: 03/12/2025 | F85: 24376.09 | G85: 1 | H85: 0 | I85: CENTRO | J85: 0 | K85: 2 | L85: 0.04 | M85: 0.04 | N85: 1 | O85: 1 | P85: 0 | Q85: 106.6 | R85: 1 | S85: 1 | T85: 40 | U85: 4
A86: 22500767 | B86: LPT EPB - 7ª TRANCHE META EXCEPCIONAL | C86: CUITE | D86: 06/05/2025 | E86: 03/12/2025 | F86: 22452.24 | G86: 1 | H86: 0 | I86: CENTRO | J86: 0 | K86: 7 | L86: 0 | M86: 0.29 | N86: 1 | O86: 0 | P86: 0 | Q86: 235.95 | R86: 3 | S86: 3 | T86: 18 | U86: 3
A87: 22500841 | B87: LPT EPB - 7ª TRANCHE META EXCEPCIONAL | C87: CAMPINA GRANDE | D87: 13/08/2025 | E87: 03/12/2025 | F87: 39852.11 | G87: 1 | H87: 0 | I87: CENTRO | J87: 0 | K87: 7 | L87: 0.16 | M87: 0.16 | N87: 1 | O87: 1 | P87: 0 | Q87: 276.4 | R87: 3 | S87: 3 | T87: 18 | U87: 3
A88: 22500365 | B88: LPT EPB - 7ª TRANCHE META EXCEPCIONAL | C88: MONTEIRO | D88: 18/06/2025 | E88: 06/09/2025 | F88: 35713.19 | G88: 1 | H88: 0 | I88: CENTRO | J88: 0 | K88: 11 | L88: 0 | M88: 0.43 | N88: 1 | O88: 0 | P88: 0 | Q88: 363.65 | R88: 3 | S88: 3 | T88: 18 | U88: 3
A89: 22500410 | B89: LPT EPB - 7ª TRANCHE META EXCEPCIONAL | C89: ESPERANCA | D89: 09/05/2025 | E89: 28/10/2025 | F89: 24611.16 | G89: 1 | H89: 0 | I89: CENTRO | J89: 0 | K89: 3 | L89: 0 | M89: 0.08 | N89: 1 | O89: 1 | P89: 0 | Q89: 134.4 | R89: 2 | S89: 2 | T89: 39 | U89: 4 | V89: Selecionado
A90: 22500820 | B90: LPT EPB - 7ª TRANCHE META EXCEPCIONAL | C90: GADO BRAVO | D90: 13/08/2025 | E90: 11/12/2025 | F90: 37642.69 | G90: 1 | H90: 0 | I90: CENTRO | J90: 0 | K90: 8 | L90: 0.52 | M90: 0.04 | N90: 1 | O90: 1 | P90: 0 | Q90: 339.4 | R90: 3 | S90: 3 | T90: 18 | U90: 3
A91: 22500882 | B91: LPT EPB - 7ª TRANCHE META EXCEPCIONAL | C91: CUBATI | D91: 28/04/2025 | E91: 30/05/2025 | F91: 10790.67 | G91: 1 | H91: 0 | I91: CENTRO | J91: 0 | K91: 3 | L91: 0 | M91: 0.12 | N91: 1 | O91: 0 | P91: 0 | Q91: 106.6 | R91: 1 | S91: 1 | T91: 40 | U91: 4 | V91: Selecionado
A92: 22500769 | B92: LPT EPB - 7ª TRANCHE META EXCEPCIONAL | C92: POCINHOS | D92: 09/05/2025 | E92: 24/09/2025 | F92: 42266.4 | G92: 1 | H92: 0 | I92: CENTRO | J92: 0 | K92: 6 | L92: 0.39 | M92: 0.04 | N92: 1 | O92: 1 | P92: 0 | Q92: 265.1 | R92: 3 | S92: 3 | T92: 18 | U92: 3
A93: 22500363 | B93: LPT EPB - 7ª TRANCHE META EXCEPCIONAL | C93: ALAGOINHA | D93: 07/05/2025 | E93: 26/09/2025 | F93: 14377.14 | G93: 1 | H93: 0 | I93: CENTRO | J93: 0 | K93: 3 | L93: 0 | M93: 0.07 | N93: 1 | O93: 0 | P93: 0 | Q93: 103.85 | R93: 1 | S93: 1 | T93: 40 | U93: 4
A94: 22500515 | B94: LPT EPB - 7ª TRANCHE META EXCEPCIONAL | C94: BARRA DE SANTA ROSA | D94: 22/05/2025 | E94: 11/08/2025 | F94: 86331.41 | G94: 1 | H94: 1 | I94: CENTRO | J94: 0 | K94: 19 | L94: 1.25 | M94: 0.07 | N94: 1 | O94: 1 | P94: 0 | Q94: 751.35 | R94: 5 | S94: 5 | T94: 5 | U94: 2 | V94: Selecionado
A95: 22500527 | B95: LPT EPB - 7ª TRANCHE META EXCEPCIONAL | C95: PICUI | D95: 13/08/2025 | E95: 26/11/2025 | F95: 54693.41 | G95: 1 | H95: 1 | I95: CENTRO | J95: 0 | K95: 13 | L95: 0.85 | M95: 0.04 | N95: 1 | O95: 1 | P95: 0 | Q95: 525.7 | R95: 4 | S95: 4 | T95: 5 | U95: 2
A96: 22500579 | B96: LPT EPB - 7ª TRANCHE META EXCEPCIONAL | C96: MONTEIRO | D96: 06/05/2025 | E96: 11/08/2025 | F96: 6025.99 | G96: 1 | H96: 1 | I96: CENTRO | J96: 0 | K96: 0 | L96: 0 | M96: 0 | N96: 1 | O96: 0 | P96: 0 | Q96: 10 | R96: 1 | S96: 1 | T96: 40 | U96: 4
A97: 22500592 | B97: LPT EPB - 7ª TRANCHE META EXCEPCIONAL | C97: PICUI | D97: 06/05/2025 | E97: 21/08/2025 | F97: 15442.72 | G97: 1 | H97: 1 | I97: CENTRO | J97: 0 | K97: 4 | L97: 0 | M97: 0.19 | N97: 1 | O97: 0 | P97: 0 | Q97: 140.45 | R97: 2 | S97: 2 | T97: 39 | U97: 4
A98: 22500698 | B98: LPT EPB - 7ª TRANCHE META EXCEPCIONAL | C98: SOLEDADE | D98: 06/05/2025 | E98: 09/09/2025 | F98: 22686.45 | G98: 1 | H98: 1 | I98: CENTRO | J98: 0 | K98: 6 | L98: 0 | M98: 0.25 | N98: 1 | O98: 0 | P98: 0 | Q98: 203.75 | R98: 2 | S98: 2 | T98: 39 | U98: 4
A99: 22500598 | B99: LPT EPB - 7ª TRANCHE META EXCEPCIONAL | C99: PICUI | D99: 13/08/2025 | E99: 15/12/2025 | F99: 41747.27 | G99: 1 | H99: 0 | I99: CENTRO | J99: 0 | K99: 7 | L99: 0.35 | M99: 0.04 | N99: 1 | O99: 1 | P99: 0 | Q99: 290.7 | R99: 3 | S99: 3 | T99: 18 | U99: 3
A100: 22500625 | B100: LPT EPB - 7ª TRANCHE META EXCEPCIONAL | C100: SANTA CECILIA | D100: 13/08/2025 | E100: 29/12/2025 | F100: 102430.34 | G100: 1 | H100: 0 | I100: CENTRO | J100: 0 | K100: 21 | L100: 0 | M100: 0.04 | N100: 1 | O100: 1 | P100: 0 | Q100: 672.2 | R100: 5 | S100: 5 | T100: 5 | U100: 2
A101: 22500677 | B101: LPT EPB - 7ª TRANCHE META EXCEPCIONAL | C101: ALCANTIL | D101: 13/08/2025 | E101: 29/12/2025 | F101: 64568.29 | G101: 1 | H101: 0 | I101: CENTRO | J101: 0 | K101: 12 | L101: 0.81 | M101: 0.07 | N101: 1 | O101: 1 | P101: 0 | Q101: 492.95 | R101: 4 | S101: 4 | T101: 5 | U101: 2 | V101: Selecionado
A102: 22500735 | B102: LPT EPB - 7ª TRANCHE META EXCEPCIONAL | C102: CUITE | D102: 09/05/2025 | E102: 22/12/2025 | F102: 49519.87 | G102: 1 | H102: 0 | I102: CENTRO | J102: 0 | K102: 11 | L102: 0.16 | M102: 0.31 | N102: 1 | O102: 0 | P102: 0 | Q102: 374.65 | R102: 3 | S102: 3 | T102: 18 | U102: 3 | V102: Selecionado
A103: 22500815 | B103: LPT EPB - 7ª TRANCHE META EXCEPCIONAL | C103: AMPARO | D103: 12/08/2025 | E103: 09/10/2025 | F103: 26082.62 | G103: 1 | H103: 0 | I103: CENTRO | J103: 0 | K103: 3 | L103: 0.04 | M103: 0.04 | N103: 1 | O103: 1 | P103: 0 | Q103: 136.6 | R103: 2 | S103: 2 | T103: 39 | U103: 4
A104: 22500878 | B104: LPT EPB - 7ª TRANCHE META EXCEPCIONAL | C104: BOQUEIRAO | D104: 09/05/2025 | E104: 03/12/2025 | F104: 36327.9 | G104: 1 | H104: 0 | I104: CENTRO | J104: 0 | K104: 5 | L104: 0 | M104: 0.18 | N104: 1 | O104: 1 | P104: 0 | Q104: 199.9 | R104: 2 | S104: 2 | T104: 39 | U104: 4
A105: 22500309 | B105: LPT EPB - 7ª TRANCHE META EXCEPCIONAL | C105: NOVA FLORESTA | D105: 13/08/2025 | E105: 13/12/2025 | F105: 25867.76 | G105: 1 | H105: 0 | I105: CENTRO | J105: 0 | K105: 7 | L105: 0 | M105: 0.27 | N105: 1 | O105: 0 | P105: 0 | Q105: 234.85 | R105: 3 | S105: 3 | T105: 18 | U105: 3
A106: 22500674 | B106: LPT EPB - 7ª TRANCHE META EXCEPCIONAL | C106: BOA VISTA | D106: 22/08/2025 | E106: 03/12/2025 | F106: 62292.66 | G106: 1 | H106: 0 | I106: CENTRO | J106: 0 | K106: 17 | L106: 0 | M106: 0.08 | N106: 1 | O106: 1 | P106: 0 | Q106: 554.4 | R106: 4 | S106: 4 | T106: 5 | U106: 2
A107: 22402538 | B107: LPT EPB - 7ª TRANCHE META EXCEPCIONAL | C107: AREIA | D107: 13/08/2025 | E107: 11/12/2025 | F107: 50465.21 | G107: 1 | H107: 0 | I107: CENTRO | J107: 0 | K107: 15 | L107: 0 | M107: 0.02 | N107: 1 | O107: 1 | P107: 0 | Q107: 491.1 | R107: 4 | S107: 4 | T107: 5 | U107: 2 | V107: Selecionado
A108: 22500879 | B108: LPT EPB - 7ª TRANCHE META EXCEPCIONAL | C108: MONTEIRO | D108: 18/06/2025 | E108: 26/09/2025 | F108: 17764.18 | G108: 1 | H108: 1 | I108: CENTRO | J108: 0 | K108: 3 | L108: 0 | M108: 0.16 | N108: 1 | O108: 0 | P108: 0 | Q108: 108.8 | R108: 1 | S108: 1 | T108: 40 | U108: 4
